[
 {
  "stud_code": "1346065",
  "stud_name": "Serena",
  "stud_surname": "Cerreti",
  "stud_email": "1346065_sc@medium.it"
 },
 {
  "stud_code": "1956945",
  "stud_name": "Francesco Maria",
  "stud_surname": "Califano",
  "stud_email": "1956945_fc@medium.it"
 },
 {
  "stud_code": "1532956",
  "stud_name": "Lisa",
  "stud_surname": "Gjergji",
  "stud_email": "1532956_lg@medium.it"
 },
 {
  "stud_code": "1687677",
  "stud_name": "Hiba",
  "stud_surname": "Cinuzzi",
  "stud_email": "1687677_hc@medium.it"
 },
 {
  "stud_code": "1828500",
  "stud_name": "Vittorio",
  "stud_surname": "Properzi",
  "stud_email": "1828500_vp@medium.it"
 },
 {
  "stud_code": "1263980",
  "stud_name": "Simona",
  "stud_surname": "Fittante",
  "stud_email": "1263980_sf@medium.it"
 },
 {
  "stud_code": "1512987",
  "stud_name": "Crystal",
  "stud_surname": "Finocchiaro",
  "stud_email": "1512987_cf@medium.it"
 },
 {
  "stud_code": "1709444",
  "stud_name": "Francesco Paolo",
  "stud_surname": "Via",
  "stud_email": "1709444_fv@medium.it"
 },
 {
  "stud_code": "1878395",
  "stud_name": "Agnese",
  "stud_surname": "Fossombroni",
  "stud_email": "1878395_af@medium.it"
 },
 {
  "stud_code": "1844064",
  "stud_name": "Aaron",
  "stud_surname": "Rossellini",
  "stud_email": "1844064_ar@medium.it"
 },
 {
  "stud_code": "1579084",
  "stud_name": "Paolo",
  "stud_surname": "Bernabo'",
  "stud_email": "1579084_pb@medium.it"
 },
 {
  "stud_code": "1865045",
  "stud_name": "Nina",
  "stud_surname": "Luci",
  "stud_email": "1865045_nl@medium.it"
 },
 {
  "stud_code": "1963841",
  "stud_name": "Pierpaolo",
  "stud_surname": "Passerini",
  "stud_email": "1963841_pp@medium.it"
 },
 {
  "stud_code": "1896308",
  "stud_name": "Gabriella",
  "stud_surname": "Salierno",
  "stud_email": "1896308_gs@medium.it"
 },
 {
  "stud_code": "1381985",
  "stud_name": "Melania",
  "stud_surname": "Fringuelli",
  "stud_email": "1381985_mf@medium.it"
 },
 {
  "stud_code": "1832015",
  "stud_name": "Samuel",
  "stud_surname": "Sgarzi",
  "stud_email": "1832015_ss@medium.it"
 },
 {
  "stud_code": "1575805",
  "stud_name": "David Gabriel",
  "stud_surname": "Siena",
  "stud_email": "1575805_ds@medium.it"
 },
 {
  "stud_code": "1734243",
  "stud_name": "Livia",
  "stud_surname": "Gioia",
  "stud_email": "1734243_lg@medium.it"
 },
 {
  "stud_code": "1870113",
  "stud_name": "Dario",
  "stud_surname": "Caraglia",
  "stud_email": "1870113_dc@medium.it"
 },
 {
  "stud_code": "1771498",
  "stud_name": "Ruben",
  "stud_surname": "Miani",
  "stud_email": "1771498_rm@medium.it"
 },
 {
  "stud_code": "1383842",
  "stud_name": "Maryam",
  "stud_surname": "Celentano",
  "stud_email": "1383842_mc@medium.it"
 },
 {
  "stud_code": "1874316",
  "stud_name": "Nicol",
  "stud_surname": "Cinuzzi",
  "stud_email": "1874316_nc@medium.it"
 },
 {
  "stud_code": "1967328",
  "stud_name": "Matteo",
  "stud_surname": "Osman",
  "stud_email": "1967328_mo@medium.it"
 },
 {
  "stud_code": "1593055",
  "stud_name": "Swami",
  "stud_surname": "Teixeira",
  "stud_email": "1593055_st@medium.it"
 },
 {
  "stud_code": "1983870",
  "stud_name": "Rim",
  "stud_surname": "Bresciani",
  "stud_email": "1983870_rb@medium.it"
 },
 {
  "stud_code": "1500455",
  "stud_name": "Nicolas",
  "stud_surname": "Crea",
  "stud_email": "1500455_nc@medium.it"
 },
 {
  "stud_code": "1530152",
  "stud_name": "Selene",
  "stud_surname": "Teri",
  "stud_email": "1530152_st@medium.it"
 },
 {
  "stud_code": "1367687",
  "stud_name": "Tancredi",
  "stud_surname": "Parenti",
  "stud_email": "1367687_tp@medium.it"
 },
 {
  "stud_code": "1461496",
  "stud_name": "Bilal",
  "stud_surname": "Pratico'",
  "stud_email": "1461496_bp@medium.it"
 },
 {
  "stud_code": "1605040",
  "stud_name": "Thomas",
  "stud_surname": "Selvi",
  "stud_email": "1605040_ts@medium.it"
 },
 {
  "stud_code": "1396063",
  "stud_name": "Virginia",
  "stud_surname": "Abrigo",
  "stud_email": "1396063_va@medium.it"
 },
 {
  "stud_code": "1805812",
  "stud_name": "Christian",
  "stud_surname": "Ambrogio",
  "stud_email": "1805812_ca@medium.it"
 },
 {
  "stud_code": "1305850",
  "stud_name": "Mouhamed",
  "stud_surname": "Lavecchia",
  "stud_email": "1305850_ml@medium.it"
 },
 {
  "stud_code": "1969619",
  "stud_name": "Fernando",
  "stud_surname": "De Francesco",
  "stud_email": "1969619_fd@medium.it"
 },
 {
  "stud_code": "1515441",
  "stud_name": "Joseph",
  "stud_surname": "Bacci",
  "stud_email": "1515441_jb@medium.it"
 },
 {
  "stud_code": "1333512",
  "stud_name": "Luis",
  "stud_surname": "Lepori",
  "stud_email": "1333512_ll@medium.it"
 },
 {
  "stud_code": "1436214",
  "stud_name": "Marina",
  "stud_surname": "Calabrese",
  "stud_email": "1436214_mc@medium.it"
 },
 {
  "stud_code": "1842436",
  "stud_name": "Dennis",
  "stud_surname": "Grisafi",
  "stud_email": "1842436_dg@medium.it"
 },
 {
  "stud_code": "1270093",
  "stud_name": "Eduardo",
  "stud_surname": "Norsi",
  "stud_email": "1270093_en@medium.it"
 },
 {
  "stud_code": "1341550",
  "stud_name": "Omar",
  "stud_surname": "Pippucci",
  "stud_email": "1341550_op@medium.it"
 },
 {
  "stud_code": "1545659",
  "stud_name": "Ernesto",
  "stud_surname": "Beatrice",
  "stud_email": "1545659_eb@medium.it"
 },
 {
  "stud_code": "1290560",
  "stud_name": "Jonas",
  "stud_surname": "Petrioli",
  "stud_email": "1290560_jp@medium.it"
 },
 {
  "stud_code": "1413744",
  "stud_name": "Evan",
  "stud_surname": "Scarpelli",
  "stud_email": "1413744_es@medium.it"
 },
 {
  "stud_code": "1650092",
  "stud_name": "Santiago",
  "stud_surname": "Kalimani",
  "stud_email": "1650092_sk@medium.it"
 },
 {
  "stud_code": "1628834",
  "stud_name": "Bruno",
  "stud_surname": "Rahmani",
  "stud_email": "1628834_br@medium.it"
 },
 {
  "stud_code": "1552612",
  "stud_name": "Marzia",
  "stud_surname": "Bianchino",
  "stud_email": "1552612_mb@medium.it"
 },
 {
  "stud_code": "1822518",
  "stud_name": "Ilary",
  "stud_surname": "Barbis",
  "stud_email": "1822518_ib@medium.it"
 },
 {
  "stud_code": "1686444",
  "stud_name": "Megan",
  "stud_surname": "Squicciarino",
  "stud_email": "1686444_ms@medium.it"
 },
 {
  "stud_code": "1321586",
  "stud_name": "Kristel",
  "stud_surname": "Selvaggi",
  "stud_email": "1321586_ks@medium.it"
 },
 {
  "stud_code": "1910359",
  "stud_name": "Martin",
  "stud_surname": "Mora",
  "stud_email": "1910359_mm@medium.it"
 },
 {
  "stud_code": "1839313",
  "stud_name": "Aisha",
  "stud_surname": "Mobilio",
  "stud_email": "1839313_am@medium.it"
 },
 {
  "stud_code": "1955252",
  "stud_name": "Mariachiara",
  "stud_surname": "Lappi",
  "stud_email": "1955252_ml@medium.it"
 },
 {
  "stud_code": "1461524",
  "stud_name": "Nina",
  "stud_surname": "Boccherini",
  "stud_email": "1461524_nb@medium.it"
 },
 {
  "stud_code": "1280708",
  "stud_name": "Dylan",
  "stud_surname": "Guelfi Camaiani",
  "stud_email": "1280708_dg@medium.it"
 },
 {
  "stud_code": "1403634",
  "stud_name": "Claudia",
  "stud_surname": "Tilli",
  "stud_email": "1403634_ct@medium.it"
 },
 {
  "stud_code": "1845528",
  "stud_name": "Marie",
  "stud_surname": "Costea",
  "stud_email": "1845528_mc@medium.it"
 },
 {
  "stud_code": "1464426",
  "stud_name": "Agata",
  "stud_surname": "Ceramelli",
  "stud_email": "1464426_ac@medium.it"
 },
 {
  "stud_code": "1377680",
  "stud_name": "Eugenio",
  "stud_surname": "Lucifero",
  "stud_email": "1377680_el@medium.it"
 },
 {
  "stud_code": "1517980",
  "stud_name": "Marta",
  "stud_surname": "Cangelli",
  "stud_email": "1517980_mc@medium.it"
 },
 {
  "stud_code": "1975008",
  "stud_name": "Natalie",
  "stud_surname": "Barrera",
  "stud_email": "1975008_nb@medium.it"
 },
 {
  "stud_code": "1750948",
  "stud_name": "Vincenzo",
  "stud_surname": "Katouf",
  "stud_email": "1750948_vk@medium.it"
 },
 {
  "stud_code": "1877490",
  "stud_name": "Mariasole",
  "stud_surname": "Cernuto",
  "stud_email": "1877490_mc@medium.it"
 },
 {
  "stud_code": "1744923",
  "stud_name": "Bianca Maria",
  "stud_surname": "Tudora",
  "stud_email": "1744923_bt@medium.it"
 },
 {
  "stud_code": "1953133",
  "stud_name": "Emilio",
  "stud_surname": "Lo Presti",
  "stud_email": "1953133_el@medium.it"
 },
 {
  "stud_code": "1750269",
  "stud_name": "Sophie",
  "stud_surname": "Termini",
  "stud_email": "1750269_st@medium.it"
 },
 {
  "stud_code": "1375150",
  "stud_name": "Mattias",
  "stud_surname": "Baranes",
  "stud_email": "1375150_mb@medium.it"
 },
 {
  "stud_code": "1405527",
  "stud_name": "Ilyas",
  "stud_surname": "Risani",
  "stud_email": "1405527_ir@medium.it"
 },
 {
  "stud_code": "1645512",
  "stud_name": "Elena",
  "stud_surname": "Barbagallo",
  "stud_email": "1645512_eb@medium.it"
 },
 {
  "stud_code": "1829148",
  "stud_name": "Nunzio",
  "stud_surname": "Tanzini",
  "stud_email": "1829148_nt@medium.it"
 },
 {
  "stud_code": "1320971",
  "stud_name": "Maria Sole",
  "stud_surname": "Palagano",
  "stud_email": "1320971_mp@medium.it"
 },
 {
  "stud_code": "1241826",
  "stud_name": "Letizia",
  "stud_surname": "Angelotti",
  "stud_email": "1241826_la@medium.it"
 },
 {
  "stud_code": "1285691",
  "stud_name": "Emilio",
  "stud_surname": "Vannuzzi",
  "stud_email": "1285691_ev@medium.it"
 },
 {
  "stud_code": "1601423",
  "stud_name": "Eugenio",
  "stud_surname": "Lanni",
  "stud_email": "1601423_el@medium.it"
 },
 {
  "stud_code": "1531581",
  "stud_name": "Zoe",
  "stud_surname": "Hamel",
  "stud_email": "1531581_zh@medium.it"
 },
 {
  "stud_code": "1577567",
  "stud_name": "Samuele",
  "stud_surname": "Alpini",
  "stud_email": "1577567_sa@medium.it"
 },
 {
  "stud_code": "1300000",
  "stud_name": "Gabriel",
  "stud_surname": "Giliberti",
  "stud_email": "1300000_gg@medium.it"
 },
 {
  "stud_code": "1894445",
  "stud_name": "Alan",
  "stud_surname": "Lazzareschi",
  "stud_email": "1894445_al@medium.it"
 },
 {
  "stud_code": "1498210",
  "stud_name": "Axel",
  "stud_surname": "Chirli",
  "stud_email": "1498210_ac@medium.it"
 },
 {
  "stud_code": "1968825",
  "stud_name": "Iacopo",
  "stud_surname": "Ruini",
  "stud_email": "1968825_ir@medium.it"
 },
 {
  "stud_code": "1337400",
  "stud_name": "Ivan",
  "stud_surname": "Maggio",
  "stud_email": "1337400_im@medium.it"
 },
 {
  "stud_code": "1724554",
  "stud_name": "Helena",
  "stud_surname": "Foschini",
  "stud_email": "1724554_hf@medium.it"
 },
 {
  "stud_code": "1896463",
  "stud_name": "Patrick",
  "stud_surname": "Celislami",
  "stud_email": "1896463_pc@medium.it"
 },
 {
  "stud_code": "1723494",
  "stud_name": "Giulia",
  "stud_surname": "Del Bravo",
  "stud_email": "1723494_gd@medium.it"
 },
 {
  "stud_code": "1569955",
  "stud_name": "Ismail",
  "stud_surname": "Ahmad",
  "stud_email": "1569955_ia@medium.it"
 },
 {
  "stud_code": "1238324",
  "stud_name": "Gabriele",
  "stud_surname": "Katouf",
  "stud_email": "1238324_gk@medium.it"
 },
 {
  "stud_code": "1304364",
  "stud_name": "Chloe",
  "stud_surname": "Velani",
  "stud_email": "1304364_cv@medium.it"
 },
 {
  "stud_code": "1246371",
  "stud_name": "Nicoletta",
  "stud_surname": "Finu",
  "stud_email": "1246371_nf@medium.it"
 },
 {
  "stud_code": "1773192",
  "stud_name": "Chiara",
  "stud_surname": "Corongiu",
  "stud_email": "1773192_cc@medium.it"
 },
 {
  "stud_code": "1935423",
  "stud_name": "Samira",
  "stud_surname": "Guidantoni",
  "stud_email": "1935423_sg@medium.it"
 },
 {
  "stud_code": "1798261",
  "stud_name": "Greta",
  "stud_surname": "Cekaj",
  "stud_email": "1798261_gc@medium.it"
 },
 {
  "stud_code": "1540706",
  "stud_name": "David Gabriel",
  "stud_surname": "Ballesteros",
  "stud_email": "1540706_db@medium.it"
 },
 {
  "stud_code": "1993088",
  "stud_name": "Denis",
  "stud_surname": "Giaquinto",
  "stud_email": "1993088_dg@medium.it"
 },
 {
  "stud_code": "1550419",
  "stud_name": "Leonard",
  "stud_surname": "Ieni",
  "stud_email": "1550419_li@medium.it"
 },
 {
  "stud_code": "1279830",
  "stud_name": "Adrian",
  "stud_surname": "Ottimi",
  "stud_email": "1279830_ao@medium.it"
 },
 {
  "stud_code": "1380325",
  "stud_name": "Patrizia",
  "stud_surname": "Pizza",
  "stud_email": "1380325_pp@medium.it"
 },
 {
  "stud_code": "1520961",
  "stud_name": "Enrico",
  "stud_surname": "Jaurigue",
  "stud_email": "1520961_ej@medium.it"
 },
 {
  "stud_code": "1907578",
  "stud_name": "Steven",
  "stud_surname": "Scicolone",
  "stud_email": "1907578_ss@medium.it"
 },
 {
  "stud_code": "1904257",
  "stud_name": "Valerio",
  "stud_surname": "Cimarosa",
  "stud_email": "1904257_vc@medium.it"
 },
 {
  "stud_code": "1454027",
  "stud_name": "Beatrice",
  "stud_surname": "Brandini Marcolini",
  "stud_email": "1454027_bb@medium.it"
 },
 {
  "stud_code": "1323647",
  "stud_name": "Tiziano",
  "stud_surname": "Rempi",
  "stud_email": "1323647_tr@medium.it"
 },
 {
  "stud_code": "1360695",
  "stud_name": "Ernesto",
  "stud_surname": "Moncelli",
  "stud_email": "1360695_em@medium.it"
 },
 {
  "stud_code": "1625145",
  "stud_name": "Grazia",
  "stud_surname": "Demartis",
  "stud_email": "1625145_gd@medium.it"
 },
 {
  "stud_code": "1572475",
  "stud_name": "Azzurra",
  "stud_surname": "Buono",
  "stud_email": "1572475_ab@medium.it"
 },
 {
  "stud_code": "1683672",
  "stud_name": "Ginevra",
  "stud_surname": "Alagna",
  "stud_email": "1683672_ga@medium.it"
 },
 {
  "stud_code": "1574486",
  "stud_name": "Mirco",
  "stud_surname": "Oprea",
  "stud_email": "1574486_mo@medium.it"
 },
 {
  "stud_code": "1493329",
  "stud_name": "Luca",
  "stud_surname": "Ferrera",
  "stud_email": "1493329_lf@medium.it"
 },
 {
  "stud_code": "1980606",
  "stud_name": "Diletta",
  "stud_surname": "Zappolini",
  "stud_email": "1980606_dz@medium.it"
 },
 {
  "stud_code": "1555223",
  "stud_name": "Annarita",
  "stud_surname": "Toniutti",
  "stud_email": "1555223_at@medium.it"
 },
 {
  "stud_code": "1468470",
  "stud_name": "Giada",
  "stud_surname": "Navarro",
  "stud_email": "1468470_gn@medium.it"
 },
 {
  "stud_code": "1517364",
  "stud_name": "Chiara Maria",
  "stud_surname": "Giuntini",
  "stud_email": "1517364_cg@medium.it"
 },
 {
  "stud_code": "1939881",
  "stud_name": "Melissa",
  "stud_surname": "Roggi",
  "stud_email": "1939881_mr@medium.it"
 },
 {
  "stud_code": "1720392",
  "stud_name": "Nathan",
  "stud_surname": "De Marco",
  "stud_email": "1720392_nd@medium.it"
 },
 {
  "stud_code": "1833323",
  "stud_name": "Devis",
  "stud_surname": "Teotini",
  "stud_email": "1833323_dt@medium.it"
 },
 {
  "stud_code": "1841886",
  "stud_name": "Silvio",
  "stud_surname": "Tommasone",
  "stud_email": "1841886_st@medium.it"
 },
 {
  "stud_code": "1277796",
  "stud_name": "Soraya",
  "stud_surname": "Staka",
  "stud_email": "1277796_ss@medium.it"
 },
 {
  "stud_code": "1714326",
  "stud_name": "Cloe",
  "stud_surname": "Schiariti",
  "stud_email": "1714326_cs@medium.it"
 },
 {
  "stud_code": "1635414",
  "stud_name": "Iyad",
  "stud_surname": "Naimi",
  "stud_email": "1635414_in@medium.it"
 },
 {
  "stud_code": "1714847",
  "stud_name": "Nada",
  "stud_surname": "Arfaioli",
  "stud_email": "1714847_na@medium.it"
 },
 {
  "stud_code": "1543995",
  "stud_name": "Maria Rosaria",
  "stud_surname": "Baroni",
  "stud_email": "1543995_mb@medium.it"
 },
 {
  "stud_code": "1534534",
  "stud_name": "Erica",
  "stud_surname": "Marena",
  "stud_email": "1534534_em@medium.it"
 },
 {
  "stud_code": "1504662",
  "stud_name": "Loris",
  "stud_surname": "Del Zanna",
  "stud_email": "1504662_ld@medium.it"
 },
 {
  "stud_code": "1983960",
  "stud_name": "Alfonso",
  "stud_surname": "Soda",
  "stud_email": "1983960_as@medium.it"
 },
 {
  "stud_code": "1467208",
  "stud_name": "Raphael",
  "stud_surname": "Cacchiani",
  "stud_email": "1467208_rc@medium.it"
 },
 {
  "stud_code": "1993350",
  "stud_name": "Luce",
  "stud_surname": "Grisolia",
  "stud_email": "1993350_lg@medium.it"
 },
 {
  "stud_code": "1495852",
  "stud_name": "Giuliana",
  "stud_surname": "Corsani",
  "stud_email": "1495852_gc@medium.it"
 },
 {
  "stud_code": "1354894",
  "stud_name": "Chloe",
  "stud_surname": "Labani",
  "stud_email": "1354894_cl@medium.it"
 },
 {
  "stud_code": "1973616",
  "stud_name": "Siria",
  "stud_surname": "Caponi",
  "stud_email": "1973616_sc@medium.it"
 },
 {
  "stud_code": "1412495",
  "stud_name": "Guglielmo",
  "stud_surname": "Borsini",
  "stud_email": "1412495_gb@medium.it"
 },
 {
  "stud_code": "1532154",
  "stud_name": "Sergio",
  "stud_surname": "Casas",
  "stud_email": "1532154_sc@medium.it"
 },
 {
  "stud_code": "1643583",
  "stud_name": "Sofia Elena",
  "stud_surname": "Ardovini",
  "stud_email": "1643583_sa@medium.it"
 },
 {
  "stud_code": "1418588",
  "stud_name": "Chiara Maria",
  "stud_surname": "Dalla Brea",
  "stud_email": "1418588_cd@medium.it"
 },
 {
  "stud_code": "1279827",
  "stud_name": "Miryam",
  "stud_surname": "Fuligni",
  "stud_email": "1279827_mf@medium.it"
 },
 {
  "stud_code": "1859219",
  "stud_name": "Ettore",
  "stud_surname": "Bonato",
  "stud_email": "1859219_eb@medium.it"
 },
 {
  "stud_code": "1245409",
  "stud_name": "Giulia Maria",
  "stud_surname": "Generini",
  "stud_email": "1245409_gg@medium.it"
 },
 {
  "stud_code": "1483339",
  "stud_name": "Arturo",
  "stud_surname": "Incerti",
  "stud_email": "1483339_ai@medium.it"
 },
 {
  "stud_code": "1235494",
  "stud_name": "Giordana",
  "stud_surname": "Drago",
  "stud_email": "1235494_gd@medium.it"
 },
 {
  "stud_code": "1825521",
  "stud_name": "Felix",
  "stud_surname": "Gomez",
  "stud_email": "1825521_fg@medium.it"
 },
 {
  "stud_code": "1788053",
  "stud_name": "Ettore",
  "stud_surname": "Domeniconi",
  "stud_email": "1788053_ed@medium.it"
 },
 {
  "stud_code": "1481135",
  "stud_name": "Martino",
  "stud_surname": "Forleo",
  "stud_email": "1481135_mf@medium.it"
 },
 {
  "stud_code": "1910335",
  "stud_name": "Luciano",
  "stud_surname": "Zanghi",
  "stud_email": "1910335_lz@medium.it"
 },
 {
  "stud_code": "1855367",
  "stud_name": "Luisa",
  "stud_surname": "Scaduto",
  "stud_email": "1855367_ls@medium.it"
 },
 {
  "stud_code": "1732253",
  "stud_name": "Michele",
  "stud_surname": "Bonomo",
  "stud_email": "1732253_mb@medium.it"
 },
 {
  "stud_code": "1549315",
  "stud_name": "Michelangelo",
  "stud_surname": "Rigo",
  "stud_email": "1549315_mr@medium.it"
 },
 {
  "stud_code": "1630594",
  "stud_name": "Marco",
  "stud_surname": "Naddi",
  "stud_email": "1630594_mn@medium.it"
 },
 {
  "stud_code": "1366201",
  "stud_name": "Barbara",
  "stud_surname": "Batazzi",
  "stud_email": "1366201_bb@medium.it"
 },
 {
  "stud_code": "1545592",
  "stud_name": "Sebastian",
  "stud_surname": "Cillerai",
  "stud_email": "1545592_sc@medium.it"
 },
 {
  "stud_code": "1484339",
  "stud_name": "Salvatore",
  "stud_surname": "Mane",
  "stud_email": "1484339_sm@medium.it"
 },
 {
  "stud_code": "1800620",
  "stud_name": "Guido",
  "stud_surname": "Gambassi",
  "stud_email": "1800620_gg@medium.it"
 },
 {
  "stud_code": "1450072",
  "stud_name": "Greta",
  "stud_surname": "Totaro",
  "stud_email": "1450072_gt@medium.it"
 },
 {
  "stud_code": "1241566",
  "stud_name": "Ilaria",
  "stud_surname": "Bambi",
  "stud_email": "1241566_ib@medium.it"
 },
 {
  "stud_code": "1510230",
  "stud_name": "Saverio",
  "stud_surname": "Ferlito",
  "stud_email": "1510230_sf@medium.it"
 },
 {
  "stud_code": "1518879",
  "stud_name": "Yuri",
  "stud_surname": "Cianferoni",
  "stud_email": "1518879_yc@medium.it"
 },
 {
  "stud_code": "1567452",
  "stud_name": "Petra",
  "stud_surname": "Cancialli",
  "stud_email": "1567452_pc@medium.it"
 },
 {
  "stud_code": "1682940",
  "stud_name": "Salvatore",
  "stud_surname": "Fedele",
  "stud_email": "1682940_sf@medium.it"
 },
 {
  "stud_code": "1556349",
  "stud_name": "Vanessa",
  "stud_surname": "Petruccelli",
  "stud_email": "1556349_vp@medium.it"
 },
 {
  "stud_code": "1832199",
  "stud_name": "Giancarlo",
  "stud_surname": "Garezzini",
  "stud_email": "1832199_gg@medium.it"
 },
 {
  "stud_code": "1652777",
  "stud_name": "Dylan",
  "stud_surname": "Biagiotti",
  "stud_email": "1652777_db@medium.it"
 },
 {
  "stud_code": "1505479",
  "stud_name": "Daisy",
  "stud_surname": "Miola",
  "stud_email": "1505479_dm@medium.it"
 },
 {
  "stud_code": "1376038",
  "stud_name": "Miriana",
  "stud_surname": "Lazzerini",
  "stud_email": "1376038_ml@medium.it"
 },
 {
  "stud_code": "1410767",
  "stud_name": "Carolina",
  "stud_surname": "Naciri",
  "stud_email": "1410767_cn@medium.it"
 },
 {
  "stud_code": "1554508",
  "stud_name": "Ernesto",
  "stud_surname": "Mattana",
  "stud_email": "1554508_em@medium.it"
 },
 {
  "stud_code": "1430885",
  "stud_name": "Giuseppe",
  "stud_surname": "Jose",
  "stud_email": "1430885_gj@medium.it"
 },
 {
  "stud_code": "1402903",
  "stud_name": "Sophia",
  "stud_surname": "Luchini",
  "stud_email": "1402903_sl@medium.it"
 },
 {
  "stud_code": "1967316",
  "stud_name": "Alessio",
  "stud_surname": "Nincheri",
  "stud_email": "1967316_an@medium.it"
 },
 {
  "stud_code": "1922972",
  "stud_name": "Samuele",
  "stud_surname": "Lo Buono",
  "stud_email": "1922972_sl@medium.it"
 },
 {
  "stud_code": "1809543",
  "stud_name": "Marta",
  "stud_surname": "Huober",
  "stud_email": "1809543_mh@medium.it"
 },
 {
  "stud_code": "1894067",
  "stud_name": "Mirko",
  "stud_surname": "Del Monte",
  "stud_email": "1894067_md@medium.it"
 },
 {
  "stud_code": "1692940",
  "stud_name": "Lucas",
  "stud_surname": "Coluccia",
  "stud_email": "1692940_lc@medium.it"
 },
 {
  "stud_code": "1646618",
  "stud_name": "Viola",
  "stud_surname": "Gemelli",
  "stud_email": "1646618_vg@medium.it"
 },
 {
  "stud_code": "1327378",
  "stud_name": "Massimiliano",
  "stud_surname": "Coppola",
  "stud_email": "1327378_mc@medium.it"
 },
 {
  "stud_code": "1492116",
  "stud_name": "Athena",
  "stud_surname": "Arafa Ali",
  "stud_email": "1492116_aa@medium.it"
 },
 {
  "stud_code": "1932828",
  "stud_name": "Dea",
  "stud_surname": "Arizi",
  "stud_email": "1932828_da@medium.it"
 },
 {
  "stud_code": "1662364",
  "stud_name": "Ines",
  "stud_surname": "Faccenda",
  "stud_email": "1662364_if@medium.it"
 },
 {
  "stud_code": "1537347",
  "stud_name": "Chiara Maria",
  "stud_surname": "Ivanaj",
  "stud_email": "1537347_ci@medium.it"
 },
 {
  "stud_code": "1735641",
  "stud_name": "Nunzio",
  "stud_surname": "Carloni",
  "stud_email": "1735641_nc@medium.it"
 },
 {
  "stud_code": "1712043",
  "stud_name": "Elena Sofia",
  "stud_surname": "Sponza",
  "stud_email": "1712043_es@medium.it"
 },
 {
  "stud_code": "1714993",
  "stud_name": "Alessia Maria",
  "stud_surname": "Zoppi",
  "stud_email": "1714993_az@medium.it"
 },
 {
  "stud_code": "1453102",
  "stud_name": "Fatima",
  "stud_surname": "Superchi",
  "stud_email": "1453102_fs@medium.it"
 },
 {
  "stud_code": "1554300",
  "stud_name": "Iyad",
  "stud_surname": "Broccoli",
  "stud_email": "1554300_ib@medium.it"
 },
 {
  "stud_code": "1854466",
  "stud_name": "Rayan",
  "stud_surname": "Burrini",
  "stud_email": "1854466_rb@medium.it"
 },
 {
  "stud_code": "1441484",
  "stud_name": "Stefania",
  "stud_surname": "Sisto",
  "stud_email": "1441484_ss@medium.it"
 },
 {
  "stud_code": "1453824",
  "stud_name": "Luca",
  "stud_surname": "Trucchi",
  "stud_email": "1453824_lt@medium.it"
 },
 {
  "stud_code": "1279362",
  "stud_name": "Alberto",
  "stud_surname": "Rocchigiani",
  "stud_email": "1279362_ar@medium.it"
 },
 {
  "stud_code": "1818375",
  "stud_name": "Giona",
  "stud_surname": "Vizzini",
  "stud_email": "1818375_gv@medium.it"
 },
 {
  "stud_code": "1595788",
  "stud_name": "Samantha",
  "stud_surname": "Isiu",
  "stud_email": "1595788_si@medium.it"
 },
 {
  "stud_code": "1770576",
  "stud_name": "Ali",
  "stud_surname": "Jocson",
  "stud_email": "1770576_aj@medium.it"
 },
 {
  "stud_code": "1265345",
  "stud_name": "Bianca Maria",
  "stud_surname": "Pugi",
  "stud_email": "1265345_bp@medium.it"
 },
 {
  "stud_code": "1391407",
  "stud_name": "Maya",
  "stud_surname": "Francalanza",
  "stud_email": "1391407_mf@medium.it"
 },
 {
  "stud_code": "1563787",
  "stud_name": "Milena",
  "stud_surname": "Diani",
  "stud_email": "1563787_md@medium.it"
 },
 {
  "stud_code": "1834847",
  "stud_name": "Dafne",
  "stud_surname": "Ricapito",
  "stud_email": "1834847_dr@medium.it"
 },
 {
  "stud_code": "1702799",
  "stud_name": "Jad",
  "stud_surname": "Biasin",
  "stud_email": "1702799_jb@medium.it"
 },
 {
  "stud_code": "1662230",
  "stud_name": "Charlotte",
  "stud_surname": "Bortolini",
  "stud_email": "1662230_cb@medium.it"
 },
 {
  "stud_code": "1596186",
  "stud_name": "Giusy",
  "stud_surname": "Cassano",
  "stud_email": "1596186_gc@medium.it"
 },
 {
  "stud_code": "1288356",
  "stud_name": "Vanessa",
  "stud_surname": "Pierallini",
  "stud_email": "1288356_vp@medium.it"
 },
 {
  "stud_code": "1686446",
  "stud_name": "Braian",
  "stud_surname": "Granieri",
  "stud_email": "1686446_bg@medium.it"
 },
 {
  "stud_code": "1847845",
  "stud_name": "Jonas",
  "stud_surname": "Laino",
  "stud_email": "1847845_jl@medium.it"
 },
 {
  "stud_code": "1694135",
  "stud_name": "Maria Vittoria",
  "stud_surname": "Hamel",
  "stud_email": "1694135_mh@medium.it"
 },
 {
  "stud_code": "1723062",
  "stud_name": "Flavia",
  "stud_surname": "Germinale",
  "stud_email": "1723062_fg@medium.it"
 },
 {
  "stud_code": "1991133",
  "stud_name": "Mathias",
  "stud_surname": "Mauro",
  "stud_email": "1991133_mm@medium.it"
 },
 {
  "stud_code": "1561620",
  "stud_name": "Joele",
  "stud_surname": "Zarone",
  "stud_email": "1561620_jz@medium.it"
 }
]