[
 {
  "teach_code": "0000",
  "teach_name": "Roberto",
  "teach_surname": "Garufi",
  "teach_email": "garufi@medium.it"
 },
 {
  "teach_code": "0001",
  "teach_name": "Sofia Maria",
  "teach_surname": "De Leonardis",
  "teach_email": "deleonardis@medium.it"
 },
 {
  "teach_code": "0002",
  "teach_name": "Calogero",
  "teach_surname": "Vairo",
  "teach_email": "vairo@medium.it"
 },
 {
  "teach_code": "0003",
  "teach_name": "Aida",
  "teach_surname": "Marchetiello",
  "teach_email": "marchetiello@medium.it"
 },
 {
  "teach_code": "0004",
  "teach_name": "Martina",
  "teach_surname": "Gaspari",
  "teach_email": "gaspari@medium.it"
 },
 {
  "teach_code": "0005",
  "teach_name": "Aisha",
  "teach_surname": "Fregosi",
  "teach_email": "fregosi@medium.it"
 },
 {
  "teach_code": "0006",
  "teach_name": "Tito",
  "teach_surname": "Pagliantini",
  "teach_email": "pagliantini@medium.it"
 },
 {
  "teach_code": "0007",
  "teach_name": "Sofia Maria",
  "teach_surname": "Farnesi",
  "teach_email": "farnesi@medium.it"
 },
 {
  "teach_code": "0008",
  "teach_name": "Iris",
  "teach_surname": "Borretti",
  "teach_email": "borretti@medium.it"
 },
 {
  "teach_code": "0009",
  "teach_name": "Marisol",
  "teach_surname": "Risso",
  "teach_email": "risso@medium.it"
 },
 {
  "teach_code": "0010",
  "teach_name": "Lia",
  "teach_surname": "Quaresima",
  "teach_email": "quaresima@medium.it"
 },
 {
  "teach_code": "0011",
  "teach_name": "Mathias",
  "teach_surname": "De Magistris",
  "teach_email": "demagistris@medium.it"
 },
 {
  "teach_code": "0012",
  "teach_name": "Annamaria",
  "teach_surname": "Macis",
  "teach_email": "macis@medium.it"
 },
 {
  "teach_code": "0013",
  "teach_name": "Ascanio",
  "teach_surname": "Lacovara",
  "teach_email": "lacovara@medium.it"
 },
 {
  "teach_code": "0014",
  "teach_name": "Tito",
  "teach_surname": "Minelli",
  "teach_email": "minelli@medium.it"
 },
 {
  "teach_code": "0015",
  "teach_name": "Steven",
  "teach_surname": "Angotti",
  "teach_email": "angotti@medium.it"
 },
 {
  "teach_code": "0016",
  "teach_name": "Eleonora",
  "teach_surname": "Carpinelli",
  "teach_email": "carpinelli@medium.it"
 },
 {
  "teach_code": "0017",
  "teach_name": "Joseph",
  "teach_surname": "Pietropaoli",
  "teach_email": "pietropaoli@medium.it"
 },
 {
  "teach_code": "0018",
  "teach_name": "Asia",
  "teach_surname": "Papalia",
  "teach_email": "papalia@medium.it"
 },
 {
  "teach_code": "0019",
  "teach_name": "Chanel",
  "teach_surname": "Ombriti",
  "teach_email": "ombriti@medium.it"
 },
 {
  "teach_code": "0020",
  "teach_name": "Damiano",
  "teach_surname": "Alcaro",
  "teach_email": "alcaro@medium.it"
 },
 {
  "teach_code": "0021",
  "teach_name": "Karol",
  "teach_surname": "Cera",
  "teach_email": "cera@medium.it"
 },
 {
  "teach_code": "0022",
  "teach_name": "Manfredi",
  "teach_surname": "Shafir",
  "teach_email": "shafir@medium.it"
 },
 {
  "teach_code": "0023",
  "teach_name": "Rosanna",
  "teach_surname": "Sharavolli",
  "teach_email": "sharavolli@medium.it"
 },
 {
  "teach_code": "0024",
  "teach_name": "Giancarlo",
  "teach_surname": "Maggiorelli",
  "teach_email": "maggiorelli@medium.it"
 },
 {
  "teach_code": "0025",
  "teach_name": "Massimo",
  "teach_surname": "Carusi",
  "teach_email": "carusi@medium.it"
 },
 {
  "teach_code": "0026",
  "teach_name": "Chloe'",
  "teach_surname": "El Rhali",
  "teach_email": "elrhali@medium.it"
 },
 {
  "teach_code": "0027",
  "teach_name": "Carla",
  "teach_surname": "Cali",
  "teach_email": "cali@medium.it"
 },
 {
  "teach_code": "0028",
  "teach_name": "Carlotta",
  "teach_surname": "Marina",
  "teach_email": "marina@medium.it"
 },
 {
  "teach_code": "0029",
  "teach_name": "Vanessa",
  "teach_surname": "Yousfi",
  "teach_email": "yousfi@medium.it"
 }
]