[{"year":"2016","name":"FRANCESCO","count":"7850","gender":"m","percent":"3.2644676214715"},{"year":"2016","name":"ALESSANDRO","count":"6664","gender":"m","percent":"2.7712627043931"},{"year":"2016","name":"LEONARDO","count":"6505","gender":"m","percent":"2.7051416404678"},{"year":"2016","name":"LORENZO","count":"6331","gender":"m","percent":"2.632782740323"},{"year":"2016","name":"MATTIA","count":"5917","gender":"m","percent":"2.4606184606684"},{"year":"2016","name":"ANDREA","count":"5577","gender":"m","percent":"2.3192275063626"},{"year":"2016","name":"GABRIELE","count":"5254","gender":"m","percent":"2.1849060997721"},{"year":"2016","name":"MATTEO","count":"4526","gender":"m","percent":"1.8821631152586"},{"year":"2016","name":"TOMMASO","count":"4179","gender":"m","percent":"1.7378611707171"},{"year":"2016","name":"RICCARDO","count":"4087","gender":"m","percent":"1.699602441905"},{"year":"2016","name":"EDOARDO","count":"3555","gender":"m","percent":"1.4783671839912"},{"year":"2016","name":"GIUSEPPE","count":"3323","gender":"m","percent":"1.3818886504649"},{"year":"2016","name":"DAVIDE","count":"3242","gender":"m","percent":"1.3482043348803"},{"year":"2016","name":"ANTONIO","count":"3156","gender":"m","percent":"1.3124407405559"},{"year":"2016","name":"FEDERICO","count":"3021","gender":"m","percent":"1.2563002145816"},{"year":"2016","name":"DIEGO","count":"3008","gender":"m","percent":"1.2508940898581"},{"year":"2016","name":"GIOVANNI","count":"2791","gender":"m","percent":"1.1606533925512"},{"year":"2016","name":"CHRISTIAN","count":"2783","gender":"m","percent":"1.1573265465675"},{"year":"2016","name":"NICOLO'","count":"2732","gender":"m","percent":"1.1361179034217"},{"year":"2016","name":"SAMUELE","count":"2697","gender":"m","percent":"1.1215629522431"},{"year":"2016","name":"PIETRO","count":"2592","gender":"m","percent":"1.0778980987075"},{"year":"2016","name":"MARCO","count":"2515","gender":"m","percent":"1.0458772061147"},{"year":"2016","name":"LUCA","count":"2503","gender":"m","percent":"1.0408869371392"},{"year":"2016","name":"FILIPPO","count":"2303","gender":"m","percent":"0.95771578754762"},{"year":"2016","name":"SIMONE","count":"2209","gender":"m","percent":"0.91862534723955"},{"year":"2016","name":"ALESSIO","count":"2123","gender":"m","percent":"0.88286175291515"},{"year":"2016","name":"GABRIEL","count":"2015","gender":"m","percent":"0.83794933213567"},{"year":"2016","name":"MICHELE","count":"1987","gender":"m","percent":"0.82630537119284"},{"year":"2016","name":"EMANUELE","count":"1876","gender":"m","percent":"0.78014538316949"},{"year":"2016","name":"JACOPO","count":"1702","gender":"m","percent":"0.70778648302477"},{"year":"2016","name":"SALVATORE","count":"1658","gender":"m","percent":"0.68948883011461"},{"year":"2016","name":"GIULIO","count":"1637","gender":"m","percent":"0.68075585940749"},{"year":"2016","name":"CRISTIAN","count":"1594","gender":"m","percent":"0.66287406224529"},{"year":"2016","name":"DANIELE","count":"1593","gender":"m","percent":"0.66245820649733"},{"year":"2016","name":"VINCENZO","count":"1582","gender":"m","percent":"0.65788379326979"},{"year":"2016","name":"GIACOMO","count":"1554","gender":"m","percent":"0.64623983232696"},{"year":"2016","name":"GIOELE","count":"1552","gender":"m","percent":"0.64540812083105"},{"year":"2016","name":"MANUEL","count":"1536","gender":"m","percent":"0.63875442886372"},{"year":"2016","name":"ELIA","count":"1397","gender":"m","percent":"0.58095047989753"},{"year":"2016","name":"THOMAS","count":"1346","gender":"m","percent":"0.55974183675167"},{"year":"2016","name":"SAMUEL","count":"1265","gender":"m","percent":"0.52605752116706"},{"year":"2016","name":"GIORGIO","count":"1250","gender":"m","percent":"0.51981968494769"},{"year":"2016","name":"DANIEL","count":"1209","gender":"m","percent":"0.5027695992814"},{"year":"2016","name":"ENEA","count":"1204","gender":"m","percent":"0.50069032054161"},{"year":"2016","name":"STEFANO","count":"1175","gender":"m","percent":"0.48863050385082"},{"year":"2016","name":"LUIGI","count":"1164","gender":"m","percent":"0.48405609062328"},{"year":"2016","name":"NICOLA","count":"1110","gender":"m","percent":"0.46159988023354"},{"year":"2016","name":"DOMENICO","count":"971","gender":"m","percent":"0.40379593126736"},{"year":"2016","name":"ANGELO","count":"957","gender":"m","percent":"0.39797395079595"},{"year":"2016","name":"KEVIN","count":"942","gender":"m","percent":"0.39173611457658"},{"year":"2016","name":"RAFFAELE","count":"941","gender":"m","percent":"0.39132025882862"},{"year":"2016","name":"PAOLO","count":"889","gender":"m","percent":"0.36969575993479"},{"year":"2016","name":"MARIO","count":"864","gender":"m","percent":"0.35929936623584"},{"year":"2016","name":"ADAM","count":"859","gender":"m","percent":"0.35722008749605"},{"year":"2016","name":"NICCOLO'","count":"819","gender":"m","percent":"0.34058585757772"},{"year":"2016","name":"FLAVIO","count":"818","gender":"m","percent":"0.34017000182977"},{"year":"2016","name":"NICOLAS","count":"815","gender":"m","percent":"0.33892243458589"},{"year":"2016","name":"ALBERTO","count":"813","gender":"m","percent":"0.33809072308997"},{"year":"2016","name":"ALEX","count":"798","gender":"m","percent":"0.3318528868706"},{"year":"2016","name":"NICHOLAS","count":"794","gender":"m","percent":"0.33018946387877"},{"year":"2016","name":"ETTORE","count":"789","gender":"m","percent":"0.32811018513898"},{"year":"2016","name":"NATHAN","count":"749","gender":"m","percent":"0.31147595522065"},{"year":"2016","name":"CARLO","count":"741","gender":"m","percent":"0.30814910923699"},{"year":"2016","name":"VALERIO","count":"647","gender":"m","percent":"0.26905866892892"},{"year":"2016","name":"LIAM","count":"628","gender":"m","percent":"0.26115740971772"},{"year":"2016","name":"RAYAN","count":"575","gender":"m","percent":"0.23911705507594"},{"year":"2016","name":"FABIO","count":"572","gender":"m","percent":"0.23786948783206"},{"year":"2016","name":"VITTORIO","count":"568","gender":"m","percent":"0.23620606484023"},{"year":"2016","name":"PASQUALE","count":"556","gender":"m","percent":"0.23121579586473"},{"year":"2016","name":"DAVID","count":"553","gender":"m","percent":"0.22996822862086"},{"year":"2016","name":"SEBASTIANO","count":"551","gender":"m","percent":"0.22913651712494"},{"year":"2016","name":"ROBERTO","count":"547","gender":"m","percent":"0.22747309413311"},{"year":"2016","name":"ENRICO","count":"529","gender":"m","percent":"0.21998769066986"},{"year":"2016","name":"DARIO","count":"506","gender":"m","percent":"0.21042300846682"},{"year":"2016","name":"BRYAN","count":"489","gender":"m","percent":"0.20335346075153"},{"year":"2016","name":"CESARE","count":"478","gender":"m","percent":"0.19877904752399"},{"year":"2016","name":"NOAH","count":"469","gender":"m","percent":"0.19503634579237"},{"year":"2016","name":"SANTIAGO","count":"455","gender":"m","percent":"0.18921436532096"},{"year":"2016","name":"SEBASTIAN","count":"446","gender":"m","percent":"0.18547166358933"},{"year":"2016","name":"DAMIANO","count":"433","gender":"m","percent":"0.18006553886588"},{"year":"2016","name":"MASSIMO","count":"429","gender":"m","percent":"0.17840211587405"},{"year":"2016","name":"ANTONINO","count":"428","gender":"m","percent":"0.17798626012609"},{"year":"2016","name":"MICHAEL","count":"428","gender":"m","percent":"0.17798626012609"},{"year":"2016","name":"MARTINO","count":"410","gender":"m","percent":"0.17050085666284"},{"year":"2016","name":"MIRKO","count":"399","gender":"m","percent":"0.1659264434353"},{"year":"2016","name":"OMAR","count":"384","gender":"m","percent":"0.15968860721593"},{"year":"2016","name":"LUDOVICO","count":"384","gender":"m","percent":"0.15968860721593"},{"year":"2016","name":"LORIS","count":"381","gender":"m","percent":"0.15844103997205"},{"year":"2016","name":"GENNARO","count":"379","gender":"m","percent":"0.15760932847614"},{"year":"2016","name":"ACHILLE","count":"378","gender":"m","percent":"0.15719347272818"},{"year":"2016","name":"YOUSSEF","count":"374","gender":"m","percent":"0.15553004973635"},{"year":"2016","name":"CLAUDIO","count":"370","gender":"m","percent":"0.15386662674451"},{"year":"2016","name":"FRANCESCO PIO","count":"364","gender":"m","percent":"0.15137149225677"},{"year":"2016","name":"GIANLUCA","count":"354","gender":"m","percent":"0.14721293477718"},{"year":"2016","name":"CIRO","count":"349","gender":"m","percent":"0.14513365603739"},{"year":"2016","name":"CARMINE","count":"348","gender":"m","percent":"0.14471780028944"},{"year":"2016","name":"IVAN","count":"344","gender":"m","percent":"0.1430543772976"},{"year":"2016","name":"GREGORIO","count":"344","gender":"m","percent":"0.1430543772976"},{"year":"2016","name":"GAETANO","count":"321","gender":"m","percent":"0.13348969509457"},{"year":"2016","name":"MATHIAS","count":"314","gender":"m","percent":"0.13057870485886"},{"year":"2016","name":"ROCCO","count":"297","gender":"m","percent":"0.12350915714357"},{"year":"2016","name":"AMIR","count":"296","gender":"m","percent":"0.12309330139561"},{"year":"2016","name":"BRANDO","count":"293","gender":"m","percent":"0.12184573415174"},{"year":"2016","name":"VALENTINO","count":"292","gender":"m","percent":"0.12142987840378"},{"year":"2016","name":"RYAN","count":"284","gender":"m","percent":"0.11810303242011"},{"year":"2016","name":"MOHAMED","count":"281","gender":"m","percent":"0.11685546517624"},{"year":"2016","name":"CRISTIANO","count":"278","gender":"m","percent":"0.11560789793237"},{"year":"2016","name":"GIANMARCO","count":"265","gender":"m","percent":"0.11020177320891"},{"year":"2016","name":"GIOSUE'","count":"265","gender":"m","percent":"0.11020177320891"},{"year":"2016","name":"ADRIANO","count":"262","gender":"m","percent":"0.10895420596503"},{"year":"2016","name":"ALEXANDER","count":"258","gender":"m","percent":"0.1072907829732"},{"year":"2016","name":"EMANUEL","count":"244","gender":"m","percent":"0.10146880250179"},{"year":"2016","name":"LEONE","count":"243","gender":"m","percent":"0.10105294675383"},{"year":"2016","name":"THIAGO","count":"242","gender":"m","percent":"0.10063709100587"},{"year":"2016","name":"LUCAS","count":"233","gender":"m","percent":"0.096894389274249"},{"year":"2016","name":"ZENO","count":"231","gender":"m","percent":"0.096062677778332"},{"year":"2016","name":"VITO","count":"227","gender":"m","percent":"0.0943992547865"},{"year":"2016","name":"DYLAN","count":"227","gender":"m","percent":"0.0943992547865"},{"year":"2016","name":"BRUNO","count":"217","gender":"m","percent":"0.090240697306918"},{"year":"2016","name":"MARTIN","count":"213","gender":"m","percent":"0.088577274315086"},{"year":"2016","name":"WILLIAM","count":"211","gender":"m","percent":"0.087745562819169"},{"year":"2016","name":"ROSARIO","count":"202","gender":"m","percent":"0.084002861087546"},{"year":"2016","name":"MICHELANGELO","count":"200","gender":"m","percent":"0.08317114959163"},{"year":"2016","name":"ETHAN","count":"197","gender":"m","percent":"0.081923582347755"},{"year":"2016","name":"LEO","count":"197","gender":"m","percent":"0.081923582347755"},{"year":"2016","name":"SERGIO","count":"195","gender":"m","percent":"0.081091870851839"},{"year":"2016","name":"COSIMO","count":"195","gender":"m","percent":"0.081091870851839"},{"year":"2016","name":"AARON","count":"188","gender":"m","percent":"0.078180880616132"},{"year":"2016","name":"FABRIZIO","count":"188","gender":"m","percent":"0.078180880616132"},{"year":"2016","name":"GIORDANO","count":"183","gender":"m","percent":"0.076101601876341"},{"year":"2016","name":"ANTHONY","count":"181","gender":"m","percent":"0.075269890380425"},{"year":"2016","name":"MASSIMILIANO","count":"178","gender":"m","percent":"0.07402232313655"},{"year":"2016","name":"UMBERTO","count":"177","gender":"m","percent":"0.073606467388592"},{"year":"2016","name":"JONATHAN","count":"171","gender":"m","percent":"0.071111332900843"},{"year":"2016","name":"DENIS","count":"170","gender":"m","percent":"0.070695477152885"},{"year":"2016","name":"IMRAN","count":"169","gender":"m","percent":"0.070279621404927"},{"year":"2016","name":"LEON","count":"167","gender":"m","percent":"0.069447909909011"},{"year":"2016","name":"MARCELLO","count":"167","gender":"m","percent":"0.069447909909011"},{"year":"2016","name":"DANILO","count":"163","gender":"m","percent":"0.067784486917178"},{"year":"2016","name":"ANAS","count":"162","gender":"m","percent":"0.06736863116922"},{"year":"2016","name":"ELIAS","count":"162","gender":"m","percent":"0.06736863116922"},{"year":"2016","name":"OLIVER","count":"154","gender":"m","percent":"0.064041785185555"},{"year":"2016","name":"ARON","count":"152","gender":"m","percent":"0.063210073689639"},{"year":"2016","name":"CARMELO","count":"151","gender":"m","percent":"0.06279421794168"},{"year":"2016","name":"BIAGIO","count":"151","gender":"m","percent":"0.06279421794168"},{"year":"2016","name":"GERARDO","count":"151","gender":"m","percent":"0.06279421794168"},{"year":"2016","name":"MAURIZIO","count":"151","gender":"m","percent":"0.06279421794168"},{"year":"2016","name":"BRIAN","count":"148","gender":"m","percent":"0.061546650697806"},{"year":"2016","name":"EMMANUEL","count":"144","gender":"m","percent":"0.059883227705973"},{"year":"2016","name":"JASON","count":"142","gender":"m","percent":"0.059051516210057"},{"year":"2016","name":"MATTHIAS","count":"141","gender":"m","percent":"0.058635660462099"},{"year":"2016","name":"AMEDEO","count":"140","gender":"m","percent":"0.058219804714141"},{"year":"2016","name":"ZAKARIA","count":"139","gender":"m","percent":"0.057803948966183"},{"year":"2016","name":"ALFONSO","count":"139","gender":"m","percent":"0.057803948966183"},{"year":"2016","name":"ERIK","count":"137","gender":"m","percent":"0.056972237470266"},{"year":"2016","name":"FRANCESCO MARIA","count":"136","gender":"m","percent":"0.056556381722308"},{"year":"2016","name":"MAURO","count":"135","gender":"m","percent":"0.05614052597435"},{"year":"2016","name":"TIZIANO","count":"134","gender":"m","percent":"0.055724670226392"},{"year":"2016","name":"CHRISTOPHER","count":"134","gender":"m","percent":"0.055724670226392"},{"year":"2016","name":"JONAS","count":"134","gender":"m","percent":"0.055724670226392"},{"year":"2016","name":"AHMED","count":"132","gender":"m","percent":"0.054892958730476"},{"year":"2016","name":"ILYAS","count":"131","gender":"m","percent":"0.054477102982517"},{"year":"2016","name":"DANTE","count":"130","gender":"m","percent":"0.054061247234559"},{"year":"2016","name":"ROMEO","count":"129","gender":"m","percent":"0.053645391486601"},{"year":"2016","name":"ALDO","count":"129","gender":"m","percent":"0.053645391486601"},{"year":"2016","name":"ELIO","count":"129","gender":"m","percent":"0.053645391486601"},{"year":"2016","name":"SAVERIO","count":"128","gender":"m","percent":"0.053229535738643"},{"year":"2016","name":"DENNIS","count":"127","gender":"m","percent":"0.052813679990685"},{"year":"2016","name":"LEANDRO","count":"127","gender":"m","percent":"0.052813679990685"},{"year":"2016","name":"JOELE","count":"126","gender":"m","percent":"0.052397824242727"},{"year":"2016","name":"MATIAS","count":"124","gender":"m","percent":"0.05156611274681"},{"year":"2016","name":"LUCIANO","count":"124","gender":"m","percent":"0.05156611274681"},{"year":"2016","name":"YAHYA","count":"123","gender":"m","percent":"0.051150256998852"},{"year":"2016","name":"ALFREDO","count":"120","gender":"m","percent":"0.049902689754978"},{"year":"2016","name":"IBRAHIM","count":"120","gender":"m","percent":"0.049902689754978"},{"year":"2016","name":"ISMAELE","count":"119","gender":"m","percent":"0.04948683400702"},{"year":"2016","name":"NOEL","count":"117","gender":"m","percent":"0.048655122511103"},{"year":"2016","name":"OSCAR","count":"116","gender":"m","percent":"0.048239266763145"},{"year":"2016","name":"MOHAMMED","count":"115","gender":"m","percent":"0.047823411015187"},{"year":"2016","name":"ARMANDO","count":"114","gender":"m","percent":"0.047407555267229"},{"year":"2016","name":"RUBEN","count":"113","gender":"m","percent":"0.046991699519271"},{"year":"2016","name":"EMILIO","count":"112","gender":"m","percent":"0.046575843771313"},{"year":"2016","name":"LUKAS","count":"112","gender":"m","percent":"0.046575843771313"},{"year":"2016","name":"EVAN","count":"111","gender":"m","percent":"0.046159988023354"},{"year":"2016","name":"DONATO","count":"111","gender":"m","percent":"0.046159988023354"},{"year":"2016","name":"KARIM","count":"111","gender":"m","percent":"0.046159988023354"},{"year":"2016","name":"LUIS","count":"111","gender":"m","percent":"0.046159988023354"},{"year":"2016","name":"SAAD","count":"110","gender":"m","percent":"0.045744132275396"},{"year":"2016","name":"BRAYAN","count":"110","gender":"m","percent":"0.045744132275396"},{"year":"2016","name":"GUIDO","count":"109","gender":"m","percent":"0.045328276527438"},{"year":"2016","name":"TOBIA","count":"108","gender":"m","percent":"0.04491242077948"},{"year":"2016","name":"BILAL","count":"107","gender":"m","percent":"0.044496565031522"},{"year":"2016","name":"ALI","count":"107","gender":"m","percent":"0.044496565031522"},{"year":"2016","name":"JOEL","count":"107","gender":"m","percent":"0.044496565031522"},{"year":"2016","name":"EMILIANO","count":"106","gender":"m","percent":"0.044080709283564"},{"year":"2016","name":"LUCIO","count":"104","gender":"m","percent":"0.043248997787647"},{"year":"2016","name":"JOSHUA","count":"104","gender":"m","percent":"0.043248997787647"},{"year":"2016","name":"GUGLIELMO","count":"104","gender":"m","percent":"0.043248997787647"},{"year":"2016","name":"ALEXANDRU","count":"102","gender":"m","percent":"0.042417286291731"},{"year":"2016","name":"ERIC","count":"101","gender":"m","percent":"0.042001430543773"},{"year":"2016","name":"MANFREDI","count":"101","gender":"m","percent":"0.042001430543773"},{"year":"2016","name":"EROS","count":"99","gender":"m","percent":"0.041169719047857"},{"year":"2016","name":"GIONA","count":"99","gender":"m","percent":"0.041169719047857"},{"year":"2016","name":"GIULIANO","count":"99","gender":"m","percent":"0.041169719047857"},{"year":"2016","name":"ORLANDO","count":"98","gender":"m","percent":"0.040753863299899"},{"year":"2016","name":"AYOUB","count":"98","gender":"m","percent":"0.040753863299899"},{"year":"2016","name":"NIZAR","count":"97","gender":"m","percent":"0.04033800755194"},{"year":"2016","name":"YASSIN","count":"96","gender":"m","percent":"0.039922151803982"},{"year":"2016","name":"RAUL","count":"95","gender":"m","percent":"0.039506296056024"},{"year":"2016","name":"STEFAN","count":"95","gender":"m","percent":"0.039506296056024"},{"year":"2016","name":"FERDINANDO","count":"95","gender":"m","percent":"0.039506296056024"},{"year":"2016","name":"AYMAN","count":"94","gender":"m","percent":"0.039090440308066"},{"year":"2016","name":"AGOSTINO","count":"94","gender":"m","percent":"0.039090440308066"},{"year":"2016","name":"FELICE","count":"94","gender":"m","percent":"0.039090440308066"},{"year":"2016","name":"EDUARDO","count":"93","gender":"m","percent":"0.038674584560108"},{"year":"2016","name":"IAN","count":"93","gender":"m","percent":"0.038674584560108"},{"year":"2016","name":"ASCANIO","count":"92","gender":"m","percent":"0.03825872881215"},{"year":"2016","name":"YASSINE","count":"91","gender":"m","percent":"0.037842873064191"},{"year":"2016","name":"ZIAD","count":"91","gender":"m","percent":"0.037842873064191"},{"year":"2016","name":"HAMZA","count":"91","gender":"m","percent":"0.037842873064191"},{"year":"2016","name":"KRISTIAN","count":"91","gender":"m","percent":"0.037842873064191"},{"year":"2016","name":"ARTURO","count":"90","gender":"m","percent":"0.037427017316233"},{"year":"2016","name":"MOUHAMED","count":"89","gender":"m","percent":"0.037011161568275"},{"year":"2016","name":"SIMON","count":"89","gender":"m","percent":"0.037011161568275"},{"year":"2016","name":"ALAN","count":"89","gender":"m","percent":"0.037011161568275"},{"year":"2016","name":"MIRCO","count":"89","gender":"m","percent":"0.037011161568275"},{"year":"2016","name":"FRANCESCO PAOLO","count":"89","gender":"m","percent":"0.037011161568275"},{"year":"2016","name":"PATRICK","count":"88","gender":"m","percent":"0.036595305820317"},{"year":"2016","name":"NIKOLAS","count":"88","gender":"m","percent":"0.036595305820317"},{"year":"2016","name":"IACOPO","count":"88","gender":"m","percent":"0.036595305820317"},{"year":"2016","name":"NATAN","count":"87","gender":"m","percent":"0.036179450072359"},{"year":"2016","name":"EUGENIO","count":"87","gender":"m","percent":"0.036179450072359"},{"year":"2016","name":"DAVID ANDREI","count":"87","gender":"m","percent":"0.036179450072359"},{"year":"2016","name":"LAPO","count":"87","gender":"m","percent":"0.036179450072359"},{"year":"2016","name":"ANWAR","count":"86","gender":"m","percent":"0.035763594324401"},{"year":"2016","name":"ANDREI","count":"85","gender":"m","percent":"0.035347738576443"},{"year":"2016","name":"PARIDE","count":"84","gender":"m","percent":"0.034931882828484"},{"year":"2016","name":"RENATO","count":"84","gender":"m","percent":"0.034931882828484"},{"year":"2016","name":"FRANCO","count":"84","gender":"m","percent":"0.034931882828484"},{"year":"2016","name":"ZIYAD","count":"83","gender":"m","percent":"0.034516027080526"},{"year":"2016","name":"ANTONIO PIO","count":"83","gender":"m","percent":"0.034516027080526"},{"year":"2016","name":"JULIAN","count":"83","gender":"m","percent":"0.034516027080526"},{"year":"2016","name":"YURI","count":"82","gender":"m","percent":"0.034100171332568"},{"year":"2016","name":"DAMIAN","count":"82","gender":"m","percent":"0.034100171332568"},{"year":"2016","name":"ALVIN","count":"81","gender":"m","percent":"0.03368431558461"},{"year":"2016","name":"MANUELE","count":"81","gender":"m","percent":"0.03368431558461"},{"year":"2016","name":"TIAGO","count":"79","gender":"m","percent":"0.032852604088694"},{"year":"2016","name":"ISMAIL","count":"79","gender":"m","percent":"0.032852604088694"},{"year":"2016","name":"EDUARD","count":"78","gender":"m","percent":"0.032436748340736"},{"year":"2016","name":"JOSEPH","count":"78","gender":"m","percent":"0.032436748340736"},{"year":"2016","name":"ALVISE","count":"76","gender":"m","percent":"0.031605036844819"},{"year":"2016","name":"ERNESTO","count":"75","gender":"m","percent":"0.031189181096861"},{"year":"2016","name":"CALOGERO","count":"74","gender":"m","percent":"0.030773325348903"},{"year":"2016","name":"GIANMARIA","count":"74","gender":"m","percent":"0.030773325348903"},{"year":"2016","name":"JORDAN","count":"74","gender":"m","percent":"0.030773325348903"},{"year":"2016","name":"JAD","count":"73","gender":"m","percent":"0.030357469600945"},{"year":"2016","name":"TANCREDI","count":"72","gender":"m","percent":"0.029941613852987"},{"year":"2016","name":"AURELIO","count":"72","gender":"m","percent":"0.029941613852987"},{"year":"2016","name":"ANIELLO","count":"72","gender":"m","percent":"0.029941613852987"},{"year":"2016","name":"GIUSEPPE PIO","count":"72","gender":"m","percent":"0.029941613852987"},{"year":"2016","name":"SAMI","count":"71","gender":"m","percent":"0.029525758105029"},{"year":"2016","name":"CORRADO","count":"71","gender":"m","percent":"0.029525758105029"},{"year":"2016","name":"RAPHAEL","count":"70","gender":"m","percent":"0.02910990235707"},{"year":"2016","name":"BENEDETTO","count":"70","gender":"m","percent":"0.02910990235707"},{"year":"2016","name":"GEREMIA","count":"70","gender":"m","percent":"0.02910990235707"},{"year":"2016","name":"JUSTIN","count":"70","gender":"m","percent":"0.02910990235707"},{"year":"2016","name":"DUCCIO","count":"69","gender":"m","percent":"0.028694046609112"},{"year":"2016","name":"MARIANO","count":"68","gender":"m","percent":"0.028278190861154"},{"year":"2016","name":"BERNARDO","count":"67","gender":"m","percent":"0.027862335113196"},{"year":"2016","name":"MILO","count":"66","gender":"m","percent":"0.027446479365238"},{"year":"2016","name":"NUNZIO","count":"65","gender":"m","percent":"0.02703062361728"},{"year":"2016","name":"MOHAMED AMINE","count":"65","gender":"m","percent":"0.02703062361728"},{"year":"2016","name":"WALID","count":"65","gender":"m","percent":"0.02703062361728"},{"year":"2016","name":"YASSER","count":"64","gender":"m","percent":"0.026614767869321"},{"year":"2016","name":"RAFAEL","count":"64","gender":"m","percent":"0.026614767869321"},{"year":"2016","name":"GIANCARLO","count":"64","gender":"m","percent":"0.026614767869321"},{"year":"2016","name":"VICTOR","count":"63","gender":"m","percent":"0.026198912121363"},{"year":"2016","name":"SILVIO","count":"63","gender":"m","percent":"0.026198912121363"},{"year":"2016","name":"TOBIAS","count":"63","gender":"m","percent":"0.026198912121363"},{"year":"2016","name":"EDWARD","count":"63","gender":"m","percent":"0.026198912121363"},{"year":"2016","name":"TOMAS","count":"62","gender":"m","percent":"0.025783056373405"},{"year":"2016","name":"MATTIAS","count":"61","gender":"m","percent":"0.025367200625447"},{"year":"2016","name":"AMIN","count":"60","gender":"m","percent":"0.024951344877489"},{"year":"2016","name":"PABLO","count":"59","gender":"m","percent":"0.024535489129531"},{"year":"2016","name":"ADRIAN","count":"58","gender":"m","percent":"0.024119633381573"},{"year":"2016","name":"DOMINIK","count":"58","gender":"m","percent":"0.024119633381573"},{"year":"2016","name":"STEVEN","count":"57","gender":"m","percent":"0.023703777633614"},{"year":"2016","name":"PIERLUIGI","count":"57","gender":"m","percent":"0.023703777633614"},{"year":"2016","name":"RAOUL","count":"57","gender":"m","percent":"0.023703777633614"},{"year":"2016","name":"BRAIAN","count":"57","gender":"m","percent":"0.023703777633614"},{"year":"2016","name":"ENZO","count":"57","gender":"m","percent":"0.023703777633614"},{"year":"2016","name":"NICOLO","count":"56","gender":"m","percent":"0.023287921885656"},{"year":"2016","name":"NICO","count":"56","gender":"m","percent":"0.023287921885656"},{"year":"2016","name":"MAICOL","count":"56","gender":"m","percent":"0.023287921885656"},{"year":"2016","name":"FERNANDO","count":"55","gender":"m","percent":"0.022872066137698"},{"year":"2016","name":"GIANLUIGI","count":"55","gender":"m","percent":"0.022872066137698"},{"year":"2016","name":"MAX","count":"55","gender":"m","percent":"0.022872066137698"},{"year":"2016","name":"ROBERT","count":"54","gender":"m","percent":"0.02245621038974"},{"year":"2016","name":"REDA","count":"53","gender":"m","percent":"0.022040354641782"},{"year":"2016","name":"IYAD","count":"53","gender":"m","percent":"0.022040354641782"},{"year":"2016","name":"MUHAMMAD","count":"52","gender":"m","percent":"0.021624498893824"},{"year":"2016","name":"CARLOS","count":"52","gender":"m","percent":"0.021624498893824"},{"year":"2016","name":"LEONIDA","count":"52","gender":"m","percent":"0.021624498893824"},{"year":"2016","name":"ISACCO","count":"52","gender":"m","percent":"0.021624498893824"},{"year":"2016","name":"PATRIZIO","count":"51","gender":"m","percent":"0.021208643145866"},{"year":"2016","name":"PIERFRANCESCO","count":"51","gender":"m","percent":"0.021208643145866"},{"year":"2016","name":"PIERPAOLO","count":"51","gender":"m","percent":"0.021208643145866"},{"year":"2016","name":"DEVIS","count":"51","gender":"m","percent":"0.021208643145866"},{"year":"2016","name":"EMMANUELE","count":"51","gender":"m","percent":"0.021208643145866"},{"year":"2016","name":"DOMINIC","count":"51","gender":"m","percent":"0.021208643145866"},{"year":"2016","name":"FABIAN","count":"51","gender":"m","percent":"0.021208643145866"},{"year":"2016","name":"AMINE","count":"50","gender":"m","percent":"0.020792787397907"},{"year":"2016","name":"LORENZO MARIA","count":"50","gender":"m","percent":"0.020792787397907"},{"year":"2016","name":"WALTER","count":"48","gender":"m","percent":"0.019961075901991"},{"year":"2016","name":"PAUL","count":"48","gender":"m","percent":"0.019961075901991"},{"year":"2016","name":"YOUNES","count":"48","gender":"m","percent":"0.019961075901991"},{"year":"2016","name":"WASSIM","count":"48","gender":"m","percent":"0.019961075901991"},{"year":"2016","name":"DORIAN","count":"48","gender":"m","percent":"0.019961075901991"},{"year":"2016","name":"MORGAN","count":"47","gender":"m","percent":"0.019545220154033"},{"year":"2016","name":"BENJAMIN","count":"47","gender":"m","percent":"0.019545220154033"},{"year":"2016","name":"MAXIMILIAN","count":"47","gender":"m","percent":"0.019545220154033"},{"year":"2016","name":"JAKOB","count":"47","gender":"m","percent":"0.019545220154033"},{"year":"2016","name":"LEONARD","count":"47","gender":"m","percent":"0.019545220154033"},{"year":"2016","name":"LIVIO","count":"47","gender":"m","percent":"0.019545220154033"},{"year":"2016","name":"SAMIR","count":"46","gender":"m","percent":"0.019129364406075"},{"year":"2016","name":"TEO","count":"46","gender":"m","percent":"0.019129364406075"},{"year":"2016","name":"AUGUSTO","count":"46","gender":"m","percent":"0.019129364406075"},{"year":"2016","name":"DAVID GABRIEL","count":"46","gender":"m","percent":"0.019129364406075"},{"year":"2016","name":"AXEL","count":"45","gender":"m","percent":"0.018713508658117"},{"year":"2016","name":"ALEJANDRO","count":"45","gender":"m","percent":"0.018713508658117"},{"year":"2016","name":"AMOS","count":"45","gender":"m","percent":"0.018713508658117"},{"year":"2016","name":"JAMES","count":"45","gender":"m","percent":"0.018713508658117"},{"year":"2016","name":"LOUIS","count":"45","gender":"m","percent":"0.018713508658117"},{"year":"2016","name":"GIOVANNI MARIA","count":"45","gender":"m","percent":"0.018713508658117"},{"year":"2016","name":"MARK","count":"45","gender":"m","percent":"0.018713508658117"},{"year":"2016","name":"SANTO","count":"44","gender":"m","percent":"0.018297652910159"},{"year":"2016","name":"RAYEN","count":"44","gender":"m","percent":"0.018297652910159"},{"year":"2016","name":"ANDREAS","count":"44","gender":"m","percent":"0.018297652910159"},{"year":"2016","name":"AKRAM","count":"44","gender":"m","percent":"0.018297652910159"},{"year":"2016","name":"COSTANTINO","count":"44","gender":"m","percent":"0.018297652910159"},{"year":"2016","name":"NOE'","count":"43","gender":"m","percent":"0.0178817971622"},{"year":"2016","name":"FELIX","count":"43","gender":"m","percent":"0.0178817971622"},{"year":"2016","name":"FRANCESCO ANTONIO","count":"43","gender":"m","percent":"0.0178817971622"},{"year":"2016","name":"EDOARDO MARIA","count":"42","gender":"m","percent":"0.017465941414242"},{"year":"2016","name":"ADEM","count":"42","gender":"m","percent":"0.017465941414242"},{"year":"2016","name":"ILYASS","count":"42","gender":"m","percent":"0.017465941414242"},{"year":"2016","name":"TITO","count":"41","gender":"m","percent":"0.017050085666284"},{"year":"2016","name":"FRANCESCO GIUSEPPE","count":"41","gender":"m","percent":"0.017050085666284"},{"year":"2016","name":"VINCENT","count":"40","gender":"m","percent":"0.016634229918326"},{"year":"2016","name":"YOUSEF","count":"40","gender":"m","percent":"0.016634229918326"},{"year":"2016","name":"SOFIA","count":"7616","gender":"f","percent":"3.3421538812605"},{"year":"2016","name":"AURORA","count":"6466","gender":"f","percent":"2.8374956665219"},{"year":"2016","name":"GIULIA","count":"6093","gender":"f","percent":"2.6738108716544"},{"year":"2016","name":"EMMA","count":"3814","gender":"f","percent":"1.6737099400115"},{"year":"2016","name":"GIORGIA","count":"3651","gender":"f","percent":"1.6021801234877"},{"year":"2016","name":"MARTINA","count":"3533","gender":"f","percent":"1.5503978023232"},{"year":"2016","name":"ALICE","count":"3506","gender":"f","percent":"1.5385493051076"},{"year":"2016","name":"GRETA","count":"3461","gender":"f","percent":"1.5188018097482"},{"year":"2016","name":"GINEVRA","count":"3256","gender":"f","percent":"1.4288409975557"},{"year":"2016","name":"CHIARA","count":"3188","gender":"f","percent":"1.3990003379016"},{"year":"2016","name":"ANNA","count":"3122","gender":"f","percent":"1.3700373447079"},{"year":"2016","name":"SARA","count":"2976","gender":"f","percent":"1.3059676930976"},{"year":"2016","name":"BEATRICE","count":"2820","gender":"f","percent":"1.2375097091852"},{"year":"2016","name":"NICOLE","count":"2815","gender":"f","percent":"1.2353155430342"},{"year":"2016","name":"GAIA","count":"2605","gender":"f","percent":"1.1431605646906"},{"year":"2016","name":"MATILDE","count":"2425","gender":"f","percent":"1.0641705832532"},{"year":"2016","name":"VITTORIA","count":"2413","gender":"f","percent":"1.0589045844908"},{"year":"2016","name":"NOEMI","count":"2293","gender":"f","percent":"1.0062445968659"},{"year":"2016","name":"FRANCESCA","count":"2262","gender":"f","percent":"0.99264076672942"},{"year":"2016","name":"ALESSIA","count":"2230","gender":"f","percent":"0.97859810336278"},{"year":"2016","name":"LUDOVICA","count":"2016","gender":"f","percent":"0.88468779209837"},{"year":"2016","name":"ARIANNA","count":"2011","gender":"f","percent":"0.88249362594733"},{"year":"2016","name":"VIOLA","count":"1924","gender":"f","percent":"0.84431513491928"},{"year":"2016","name":"CAMILLA","count":"1914","gender":"f","percent":"0.8399268026172"},{"year":"2016","name":"ELISA","count":"1863","gender":"f","percent":"0.81754630787662"},{"year":"2016","name":"BIANCA","count":"1780","gender":"f","percent":"0.78112314976939"},{"year":"2016","name":"GIADA","count":"1776","gender":"f","percent":"0.77936781684856"},{"year":"2016","name":"REBECCA","count":"1746","gender":"f","percent":"0.76620281994234"},{"year":"2016","name":"ELENA","count":"1735","gender":"f","percent":"0.76137565441005"},{"year":"2016","name":"MIA","count":"1678","gender":"f","percent":"0.73636216028823"},{"year":"2016","name":"ADELE","count":"1582","gender":"f","percent":"0.6942341701883"},{"year":"2016","name":"MARTA","count":"1553","gender":"f","percent":"0.68150800651229"},{"year":"2016","name":"GIOIA","count":"1543","gender":"f","percent":"0.67711967421021"},{"year":"2016","name":"MARIA","count":"1509","gender":"f","percent":"0.66219934438315"},{"year":"2016","name":"ASIA","count":"1291","gender":"f","percent":"0.56653370019791"},{"year":"2016","name":"ELEONORA","count":"1210","gender":"f","percent":"0.5309882085511"},{"year":"2016","name":"CARLOTTA","count":"1205","gender":"f","percent":"0.52879404240007"},{"year":"2016","name":"MIRIAM","count":"1149","gender":"f","percent":"0.50421938150845"},{"year":"2016","name":"IRENE","count":"1115","gender":"f","percent":"0.48929905168139"},{"year":"2016","name":"MELISSA","count":"1109","gender":"f","percent":"0.48666605230014"},{"year":"2016","name":"MARGHERITA","count":"1069","gender":"f","percent":"0.46911272309184"},{"year":"2016","name":"EMILY","count":"1058","gender":"f","percent":"0.46428555755956"},{"year":"2016","name":"CATERINA","count":"1017","gender":"f","percent":"0.44629339512105"},{"year":"2016","name":"ANITA","count":"994","gender":"f","percent":"0.43620023082628"},{"year":"2016","name":"SERENA","count":"990","gender":"f","percent":"0.43444489790545"},{"year":"2016","name":"BENEDETTA","count":"976","gender":"f","percent":"0.42830123268254"},{"year":"2016","name":"RACHELE","count":"955","gender":"f","percent":"0.41908573484819"},{"year":"2016","name":"ANGELICA","count":"930","gender":"f","percent":"0.408114904093"},{"year":"2016","name":"CECILIA","count":"927","gender":"f","percent":"0.40679840440237"},{"year":"2016","name":"ISABEL","count":"910","gender":"f","percent":"0.39933823948885"},{"year":"2016","name":"EVA","count":"884","gender":"f","percent":"0.38792857550345"},{"year":"2016","name":"ALESSANDRA","count":"872","gender":"f","percent":"0.38266257674096"},{"year":"2016","name":"ILARIA","count":"855","gender":"f","percent":"0.37520241182743"},{"year":"2016","name":"SOPHIA","count":"829","gender":"f","percent":"0.36379274784204"},{"year":"2016","name":"LUCIA","count":"819","gender":"f","percent":"0.35940441553996"},{"year":"2016","name":"AZZURRA","count":"788","gender":"f","percent":"0.34580058540353"},{"year":"2016","name":"FEDERICA","count":"743","gender":"f","percent":"0.32605309004419"},{"year":"2016","name":"LAURA","count":"718","gender":"f","percent":"0.315082259289"},{"year":"2016","name":"VALENTINA","count":"704","gender":"f","percent":"0.3089385940661"},{"year":"2016","name":"ISABELLA","count":"695","gender":"f","percent":"0.30498909499423"},{"year":"2016","name":"AMBRA","count":"682","gender":"f","percent":"0.29928426300153"},{"year":"2016","name":"LINDA","count":"651","gender":"f","percent":"0.2856804328651"},{"year":"2016","name":"VIRGINIA","count":"631","gender":"f","percent":"0.27690376826095"},{"year":"2016","name":"CHLOE","count":"630","gender":"f","percent":"0.27646493503074"},{"year":"2016","name":"AMELIA","count":"609","gender":"f","percent":"0.26724943719638"},{"year":"2016","name":"LARA","count":"607","gender":"f","percent":"0.26637177073597"},{"year":"2016","name":"CELESTE","count":"604","gender":"f","percent":"0.26505527104534"},{"year":"2016","name":"FLAVIA","count":"584","gender":"f","percent":"0.25627860644119"},{"year":"2016","name":"DILETTA","count":"575","gender":"f","percent":"0.25232910736933"},{"year":"2016","name":"STELLA","count":"563","gender":"f","percent":"0.24706310860684"},{"year":"2016","name":"SVEVA","count":"546","gender":"f","percent":"0.23960294369331"},{"year":"2016","name":"ANGELA","count":"544","gender":"f","percent":"0.23872527723289"},{"year":"2016","name":"CLARA","count":"544","gender":"f","percent":"0.23872527723289"},{"year":"2016","name":"ZOE","count":"540","gender":"f","percent":"0.23696994431206"},{"year":"2016","name":"GLORIA","count":"538","gender":"f","percent":"0.23609227785165"},{"year":"2016","name":"LAVINIA","count":"530","gender":"f","percent":"0.23258161200999"},{"year":"2016","name":"OLIVIA","count":"522","gender":"f","percent":"0.22907094616833"},{"year":"2016","name":"CLOE","count":"510","gender":"f","percent":"0.22380494740584"},{"year":"2016","name":"NINA","count":"500","gender":"f","percent":"0.21941661510376"},{"year":"2016","name":"LETIZIA","count":"492","gender":"f","percent":"0.2159059492621"},{"year":"2016","name":"ELISABETTA","count":"489","gender":"f","percent":"0.21458944957148"},{"year":"2016","name":"ANASTASIA","count":"484","gender":"f","percent":"0.21239528342044"},{"year":"2016","name":"CLAUDIA","count":"479","gender":"f","percent":"0.2102011172694"},{"year":"2016","name":"AGATA","count":"469","gender":"f","percent":"0.20581278496733"},{"year":"2016","name":"DIANA","count":"464","gender":"f","percent":"0.20361861881629"},{"year":"2016","name":"MAYA","count":"464","gender":"f","percent":"0.20361861881629"},{"year":"2016","name":"AGNESE","count":"450","gender":"f","percent":"0.19747495359339"},{"year":"2016","name":"MICHELA","count":"450","gender":"f","percent":"0.19747495359339"},{"year":"2016","name":"DESIREE","count":"440","gender":"f","percent":"0.19308662129131"},{"year":"2016","name":"SILVIA","count":"434","gender":"f","percent":"0.19045362191007"},{"year":"2016","name":"LUCREZIA","count":"430","gender":"f","percent":"0.18869828898924"},{"year":"2016","name":"FATIMA","count":"414","gender":"f","percent":"0.18167695730592"},{"year":"2016","name":"SOPHIE","count":"391","gender":"f","percent":"0.17158379301114"},{"year":"2016","name":"MADDALENA","count":"387","gender":"f","percent":"0.16982846009031"},{"year":"2016","name":"TERESA","count":"382","gender":"f","percent":"0.16763429393927"},{"year":"2016","name":"VALERIA","count":"379","gender":"f","percent":"0.16631779424865"},{"year":"2016","name":"VERONICA","count":"377","gender":"f","percent":"0.16544012778824"},{"year":"2016","name":"NORA","count":"368","gender":"f","percent":"0.16149062871637"},{"year":"2016","name":"ROSA","count":"366","gender":"f","percent":"0.16061296225595"},{"year":"2016","name":"IRIS","count":"359","gender":"f","percent":"0.1575411296445"},{"year":"2016","name":"DENISE","count":"345","gender":"f","percent":"0.1513974644216"},{"year":"2016","name":"MICHELLE","count":"339","gender":"f","percent":"0.14876446504035"},{"year":"2016","name":"GEMMA","count":"333","gender":"f","percent":"0.14613146565911"},{"year":"2016","name":"LISA","count":"332","gender":"f","percent":"0.1456926324289"},{"year":"2016","name":"ANTONIA","count":"329","gender":"f","percent":"0.14437613273828"},{"year":"2016","name":"JASMINE","count":"329","gender":"f","percent":"0.14437613273828"},{"year":"2016","name":"SABRINA","count":"327","gender":"f","percent":"0.14349846627786"},{"year":"2016","name":"ESTER","count":"326","gender":"f","percent":"0.14305963304765"},{"year":"2016","name":"VICTORIA","count":"321","gender":"f","percent":"0.14086546689662"},{"year":"2016","name":"RITA","count":"320","gender":"f","percent":"0.14042663366641"},{"year":"2016","name":"VANESSA","count":"317","gender":"f","percent":"0.13911013397579"},{"year":"2016","name":"CAROLINA","count":"308","gender":"f","percent":"0.13516063490392"},{"year":"2016","name":"LIVIA","count":"307","gender":"f","percent":"0.13472180167371"},{"year":"2016","name":"MARIANNA","count":"304","gender":"f","percent":"0.13340530198309"},{"year":"2016","name":"MALAK","count":"303","gender":"f","percent":"0.13296646875288"},{"year":"2016","name":"LUNA","count":"296","gender":"f","percent":"0.12989463614143"},{"year":"2016","name":"ROBERTA","count":"295","gender":"f","percent":"0.12945580291122"},{"year":"2016","name":"CRISTINA","count":"292","gender":"f","percent":"0.1281393032206"},{"year":"2016","name":"MARIA VITTORIA","count":"291","gender":"f","percent":"0.12770046999039"},{"year":"2016","name":"CLARISSA","count":"289","gender":"f","percent":"0.12682280352997"},{"year":"2016","name":"CAROLA","count":"279","gender":"f","percent":"0.1224344712279"},{"year":"2016","name":"EMANUELA","count":"275","gender":"f","percent":"0.12067913830707"},{"year":"2016","name":"MARIKA","count":"273","gender":"f","percent":"0.11980147184665"},{"year":"2016","name":"ILENIA","count":"262","gender":"f","percent":"0.11497430631437"},{"year":"2016","name":"SHARON","count":"261","gender":"f","percent":"0.11453547308416"},{"year":"2016","name":"GIOVANNA","count":"260","gender":"f","percent":"0.11409663985396"},{"year":"2016","name":"PAOLA","count":"259","gender":"f","percent":"0.11365780662375"},{"year":"2016","name":"ERIKA","count":"252","gender":"f","percent":"0.1105859740123"},{"year":"2016","name":"ILARY","count":"252","gender":"f","percent":"0.1105859740123"},{"year":"2016","name":"SOFIA MARIA","count":"248","gender":"f","percent":"0.10883064109147"},{"year":"2016","name":"MARIASOLE","count":"242","gender":"f","percent":"0.10619764171022"},{"year":"2016","name":"DALILA","count":"238","gender":"f","percent":"0.10444230878939"},{"year":"2016","name":"CARMEN","count":"237","gender":"f","percent":"0.10400347555918"},{"year":"2016","name":"MYA","count":"237","gender":"f","percent":"0.10400347555918"},{"year":"2016","name":"ANDREA","count":"230","gender":"f","percent":"0.10093164294773"},{"year":"2016","name":"ALLEGRA","count":"229","gender":"f","percent":"0.10049280971752"},{"year":"2016","name":"AMIRA","count":"226","gender":"f","percent":"0.0991763100269"},{"year":"2016","name":"PENELOPE","count":"225","gender":"f","percent":"0.098737476796693"},{"year":"2016","name":"MARIA FRANCESCA","count":"225","gender":"f","percent":"0.098737476796693"},{"year":"2016","name":"SARAH","count":"222","gender":"f","percent":"0.09742097710607"},{"year":"2016","name":"AMELIE","count":"220","gender":"f","percent":"0.096543310645655"},{"year":"2016","name":"EMILIA","count":"220","gender":"f","percent":"0.096543310645655"},{"year":"2016","name":"CARLA","count":"218","gender":"f","percent":"0.09566564418524"},{"year":"2016","name":"YASMINE","count":"215","gender":"f","percent":"0.094349144494618"},{"year":"2016","name":"NADIA","count":"214","gender":"f","percent":"0.09391031126441"},{"year":"2016","name":"EVELYN","count":"208","gender":"f","percent":"0.091277311883165"},{"year":"2016","name":"JENNIFER","count":"194","gender":"f","percent":"0.08513364666026"},{"year":"2016","name":"COSTANZA","count":"193","gender":"f","percent":"0.084694813430052"},{"year":"2016","name":"CHANEL","count":"188","gender":"f","percent":"0.082500647279015"},{"year":"2016","name":"SIMONA","count":"186","gender":"f","percent":"0.0816229808186"},{"year":"2016","name":"MORENA","count":"186","gender":"f","percent":"0.0816229808186"},{"year":"2016","name":"JANNAT","count":"186","gender":"f","percent":"0.0816229808186"},{"year":"2016","name":"ANNALISA","count":"182","gender":"f","percent":"0.079867647897769"},{"year":"2016","name":"LINA","count":"177","gender":"f","percent":"0.077673481746732"},{"year":"2016","name":"GIUSY","count":"175","gender":"f","percent":"0.076795815286317"},{"year":"2016","name":"VERA","count":"172","gender":"f","percent":"0.075479315595694"},{"year":"2016","name":"ANTONELLA","count":"172","gender":"f","percent":"0.075479315595694"},{"year":"2016","name":"AYA","count":"171","gender":"f","percent":"0.075040482365487"},{"year":"2016","name":"MICOL","count":"170","gender":"f","percent":"0.074601649135279"},{"year":"2016","name":"INES","count":"169","gender":"f","percent":"0.074162815905072"},{"year":"2016","name":"NOUR","count":"168","gender":"f","percent":"0.073723982674864"},{"year":"2016","name":"ERICA","count":"167","gender":"f","percent":"0.073285149444657"},{"year":"2016","name":"LIA","count":"166","gender":"f","percent":"0.072846316214449"},{"year":"2016","name":"MATILDA","count":"164","gender":"f","percent":"0.071968649754034"},{"year":"2016","name":"ARIEL","count":"163","gender":"f","percent":"0.071529816523826"},{"year":"2016","name":"DAFNE","count":"161","gender":"f","percent":"0.070652150063411"},{"year":"2016","name":"AMANDA","count":"161","gender":"f","percent":"0.070652150063411"},{"year":"2016","name":"MARISOL","count":"158","gender":"f","percent":"0.069335650372789"},{"year":"2016","name":"ANNACHIARA","count":"157","gender":"f","percent":"0.068896817142581"},{"year":"2016","name":"DELIA","count":"157","gender":"f","percent":"0.068896817142581"},{"year":"2016","name":"LUISA","count":"157","gender":"f","percent":"0.068896817142581"},{"year":"2016","name":"MARIA SOLE","count":"157","gender":"f","percent":"0.068896817142581"},{"year":"2016","name":"ALYSSA","count":"156","gender":"f","percent":"0.068457983912374"},{"year":"2016","name":"MARINA","count":"154","gender":"f","percent":"0.067580317451959"},{"year":"2016","name":"RAFFAELLA","count":"153","gender":"f","percent":"0.067141484221751"},{"year":"2016","name":"ADELAIDE","count":"151","gender":"f","percent":"0.066263817761336"},{"year":"2016","name":"SIRIA","count":"150","gender":"f","percent":"0.065824984531129"},{"year":"2016","name":"GIULIA MARIA","count":"150","gender":"f","percent":"0.065824984531129"},{"year":"2016","name":"ALISIA","count":"149","gender":"f","percent":"0.065386151300921"},{"year":"2016","name":"ANNAMARIA","count":"149","gender":"f","percent":"0.065386151300921"},{"year":"2016","name":"CLELIA","count":"149","gender":"f","percent":"0.065386151300921"},{"year":"2016","name":"SONIA","count":"147","gender":"f","percent":"0.064508484840506"},{"year":"2016","name":"ROSSELLA","count":"147","gender":"f","percent":"0.064508484840506"},{"year":"2016","name":"FABIANA","count":"147","gender":"f","percent":"0.064508484840506"},{"year":"2016","name":"CARMELA","count":"146","gender":"f","percent":"0.064069651610299"},{"year":"2016","name":"LEA","count":"146","gender":"f","percent":"0.064069651610299"},{"year":"2016","name":"STEFANIA","count":"145","gender":"f","percent":"0.063630818380091"},{"year":"2016","name":"DANIELA","count":"145","gender":"f","percent":"0.063630818380091"},{"year":"2016","name":"MARWA","count":"145","gender":"f","percent":"0.063630818380091"},{"year":"2016","name":"AURORA MARIA","count":"144","gender":"f","percent":"0.063191985149883"},{"year":"2016","name":"KHADIJA","count":"141","gender":"f","percent":"0.061875485459261"},{"year":"2016","name":"AMALIA","count":"140","gender":"f","percent":"0.061436652229053"},{"year":"2016","name":"HELENA","count":"140","gender":"f","percent":"0.061436652229053"},{"year":"2016","name":"JESSICA","count":"137","gender":"f","percent":"0.060120152538431"},{"year":"2016","name":"YASMIN","count":"135","gender":"f","percent":"0.059242486078016"},{"year":"2016","name":"CHLOE'","count":"135","gender":"f","percent":"0.059242486078016"},{"year":"2016","name":"ANNA MARIA","count":"133","gender":"f","percent":"0.058364819617601"},{"year":"2016","name":"MELANIA","count":"133","gender":"f","percent":"0.058364819617601"},{"year":"2016","name":"MYRIAM","count":"133","gender":"f","percent":"0.058364819617601"},{"year":"2016","name":"DARIA","count":"131","gender":"f","percent":"0.057487153157186"},{"year":"2016","name":"OLIMPIA","count":"129","gender":"f","percent":"0.056609486696771"},{"year":"2016","name":"ELETTRA","count":"128","gender":"f","percent":"0.056170653466563"},{"year":"2016","name":"MARIAM","count":"127","gender":"f","percent":"0.055731820236356"},{"year":"2016","name":"ADRIANA","count":"126","gender":"f","percent":"0.055292987006148"},{"year":"2016","name":"FRANCESCA PIA","count":"126","gender":"f","percent":"0.055292987006148"},{"year":"2016","name":"MARYAM","count":"125","gender":"f","percent":"0.054854153775941"},{"year":"2016","name":"CAROL","count":"124","gender":"f","percent":"0.054415320545733"},{"year":"2016","name":"NAOMI","count":"124","gender":"f","percent":"0.054415320545733"},{"year":"2016","name":"MARIACHIARA","count":"124","gender":"f","percent":"0.054415320545733"},{"year":"2016","name":"ELSA","count":"123","gender":"f","percent":"0.053976487315525"},{"year":"2016","name":"SOLE","count":"121","gender":"f","percent":"0.05309882085511"},{"year":"2016","name":"MANUELA","count":"121","gender":"f","percent":"0.05309882085511"},{"year":"2016","name":"YLENIA","count":"120","gender":"f","percent":"0.052659987624903"},{"year":"2016","name":"RIM","count":"119","gender":"f","percent":"0.052221154394695"},{"year":"2016","name":"PETRA","count":"118","gender":"f","percent":"0.051782321164488"},{"year":"2016","name":"ELODIE","count":"117","gender":"f","percent":"0.05134348793428"},{"year":"2016","name":"AIDA","count":"117","gender":"f","percent":"0.05134348793428"},{"year":"2016","name":"MARIA CHIARA","count":"117","gender":"f","percent":"0.05134348793428"},{"year":"2016","name":"FLAMINIA","count":"116","gender":"f","percent":"0.050904654704073"},{"year":"2016","name":"ALBA","count":"116","gender":"f","percent":"0.050904654704073"},{"year":"2016","name":"DALIA","count":"115","gender":"f","percent":"0.050465821473865"},{"year":"2016","name":"GRACE","count":"114","gender":"f","percent":"0.050026988243658"},{"year":"2016","name":"LIDIA","count":"114","gender":"f","percent":"0.050026988243658"},{"year":"2016","name":"ESMERALDA","count":"113","gender":"f","percent":"0.04958815501345"},{"year":"2016","name":"ALMA","count":"111","gender":"f","percent":"0.048710488553035"},{"year":"2016","name":"MAIA","count":"111","gender":"f","percent":"0.048710488553035"},{"year":"2016","name":"GABRIELLA","count":"111","gender":"f","percent":"0.048710488553035"},{"year":"2016","name":"MARIAGRAZIA","count":"110","gender":"f","percent":"0.048271655322828"},{"year":"2016","name":"PATRIZIA","count":"108","gender":"f","percent":"0.047393988862413"},{"year":"2016","name":"PERLA","count":"107","gender":"f","percent":"0.046955155632205"},{"year":"2016","name":"ADA","count":"107","gender":"f","percent":"0.046955155632205"},{"year":"2016","name":"LEILA","count":"107","gender":"f","percent":"0.046955155632205"},{"year":"2016","name":"LUCE","count":"107","gender":"f","percent":"0.046955155632205"},{"year":"2016","name":"GRAZIA","count":"107","gender":"f","percent":"0.046955155632205"},{"year":"2016","name":"ALESSIA MARIA","count":"105","gender":"f","percent":"0.04607748917179"},{"year":"2016","name":"AMINA","count":"105","gender":"f","percent":"0.04607748917179"},{"year":"2016","name":"ALEXANDRA","count":"105","gender":"f","percent":"0.04607748917179"},{"year":"2016","name":"MICAELA","count":"104","gender":"f","percent":"0.045638655941583"},{"year":"2016","name":"MONICA","count":"104","gender":"f","percent":"0.045638655941583"},{"year":"2016","name":"JULIA","count":"104","gender":"f","percent":"0.045638655941583"},{"year":"2016","name":"AICHA","count":"102","gender":"f","percent":"0.044760989481167"},{"year":"2016","name":"MILENA","count":"101","gender":"f","percent":"0.04432215625096"},{"year":"2016","name":"MARIA SOFIA","count":"100","gender":"f","percent":"0.043883323020752"},{"year":"2016","name":"FLORA","count":"98","gender":"f","percent":"0.043005656560337"},{"year":"2016","name":"SUSANNA","count":"97","gender":"f","percent":"0.04256682333013"},{"year":"2016","name":"HIBA","count":"96","gender":"f","percent":"0.042127990099922"},{"year":"2016","name":"MIRYAM","count":"95","gender":"f","percent":"0.041689156869715"},{"year":"2016","name":"TEA","count":"94","gender":"f","percent":"0.041250323639507"},{"year":"2016","name":"SORAYA","count":"94","gender":"f","percent":"0.041250323639507"},{"year":"2016","name":"MARICA","count":"94","gender":"f","percent":"0.041250323639507"},{"year":"2016","name":"BIANCA MARIA","count":"92","gender":"f","percent":"0.040372657179092"},{"year":"2016","name":"FRIDA","count":"92","gender":"f","percent":"0.040372657179092"},{"year":"2016","name":"ISRAA","count":"92","gender":"f","percent":"0.040372657179092"},{"year":"2016","name":"AMY","count":"90","gender":"f","percent":"0.039494990718677"},{"year":"2016","name":"MORGANA","count":"90","gender":"f","percent":"0.039494990718677"},{"year":"2016","name":"NADA","count":"90","gender":"f","percent":"0.039494990718677"},{"year":"2016","name":"CHARLOTTE","count":"89","gender":"f","percent":"0.03905615748847"},{"year":"2016","name":"NATALIA","count":"89","gender":"f","percent":"0.03905615748847"},{"year":"2016","name":"AISHA","count":"88","gender":"f","percent":"0.038617324258262"},{"year":"2016","name":"MARGOT","count":"88","gender":"f","percent":"0.038617324258262"},{"year":"2016","name":"SYRIA","count":"87","gender":"f","percent":"0.038178491028055"},{"year":"2016","name":"SAMIRA","count":"87","gender":"f","percent":"0.038178491028055"},{"year":"2016","name":"DESIRE'","count":"87","gender":"f","percent":"0.038178491028055"},{"year":"2016","name":"MARIAFRANCESCA","count":"87","gender":"f","percent":"0.038178491028055"},{"year":"2016","name":"HAJAR","count":"86","gender":"f","percent":"0.037739657797847"},{"year":"2016","name":"VIVIANA","count":"84","gender":"f","percent":"0.036861991337432"},{"year":"2016","name":"ELIANA","count":"83","gender":"f","percent":"0.036423158107225"},{"year":"2016","name":"MEGAN","count":"83","gender":"f","percent":"0.036423158107225"},{"year":"2016","name":"RITAJ","count":"82","gender":"f","percent":"0.035984324877017"},{"year":"2016","name":"ATHENA","count":"82","gender":"f","percent":"0.035984324877017"},{"year":"2016","name":"LENA","count":"82","gender":"f","percent":"0.035984324877017"},{"year":"2016","name":"VIOLANTE","count":"81","gender":"f","percent":"0.035545491646809"},{"year":"2016","name":"KAROL","count":"81","gender":"f","percent":"0.035545491646809"},{"year":"2016","name":"IDA","count":"81","gender":"f","percent":"0.035545491646809"},{"year":"2016","name":"MARIAVITTORIA","count":"81","gender":"f","percent":"0.035545491646809"},{"year":"2016","name":"ZAIRA","count":"80","gender":"f","percent":"0.035106658416602"},{"year":"2016","name":"DORA","count":"79","gender":"f","percent":"0.034667825186394"},{"year":"2016","name":"BARBARA","count":"78","gender":"f","percent":"0.034228991956187"},{"year":"2016","name":"SELENE","count":"77","gender":"f","percent":"0.033790158725979"},{"year":"2016","name":"ASSIA","count":"77","gender":"f","percent":"0.033790158725979"},{"year":"2016","name":"KRISTEL","count":"77","gender":"f","percent":"0.033790158725979"},{"year":"2016","name":"GIUSEPPINA","count":"77","gender":"f","percent":"0.033790158725979"},{"year":"2016","name":"LORENA","count":"77","gender":"f","percent":"0.033790158725979"},{"year":"2016","name":"MARIA TERESA","count":"76","gender":"f","percent":"0.033351325495772"},{"year":"2016","name":"ALISSA","count":"75","gender":"f","percent":"0.032912492265564"},{"year":"2016","name":"MIRANDA","count":"75","gender":"f","percent":"0.032912492265564"},{"year":"2016","name":"MIRIANA","count":"75","gender":"f","percent":"0.032912492265564"},{"year":"2016","name":"ROSANNA","count":"74","gender":"f","percent":"0.032473659035357"},{"year":"2016","name":"CRYSTAL","count":"74","gender":"f","percent":"0.032473659035357"},{"year":"2016","name":"EMMA MARIA","count":"74","gender":"f","percent":"0.032473659035357"},{"year":"2016","name":"SWAMI","count":"73","gender":"f","percent":"0.032034825805149"},{"year":"2016","name":"ELISABETH","count":"73","gender":"f","percent":"0.032034825805149"},{"year":"2016","name":"FABIOLA","count":"72","gender":"f","percent":"0.031595992574942"},{"year":"2016","name":"MARIA ELENA","count":"72","gender":"f","percent":"0.031595992574942"},{"year":"2016","name":"ROSARIA","count":"71","gender":"f","percent":"0.031157159344734"},{"year":"2016","name":"MARIA GRAZIA","count":"71","gender":"f","percent":"0.031157159344734"},{"year":"2016","name":"NOA","count":"70","gender":"f","percent":"0.030718326114527"},{"year":"2016","name":"BEATRICE MARIA","count":"70","gender":"f","percent":"0.030718326114527"},{"year":"2016","name":"FRANCESCA MARIA","count":"70","gender":"f","percent":"0.030718326114527"},{"year":"2016","name":"ISABELLE","count":"70","gender":"f","percent":"0.030718326114527"},{"year":"2016","name":"MARIE","count":"69","gender":"f","percent":"0.030279492884319"},{"year":"2016","name":"NATALIE","count":"69","gender":"f","percent":"0.030279492884319"},{"year":"2016","name":"MARZIA","count":"69","gender":"f","percent":"0.030279492884319"},{"year":"2016","name":"NICOL","count":"69","gender":"f","percent":"0.030279492884319"},{"year":"2016","name":"MARIAROSARIA","count":"68","gender":"f","percent":"0.029840659654112"},{"year":"2016","name":"GINEVRA MARIA","count":"68","gender":"f","percent":"0.029840659654112"},{"year":"2016","name":"SARA MARIA","count":"67","gender":"f","percent":"0.029401826423904"},{"year":"2016","name":"TESSA","count":"67","gender":"f","percent":"0.029401826423904"},{"year":"2016","name":"SAFAA","count":"67","gender":"f","percent":"0.029401826423904"},{"year":"2016","name":"DOROTEA","count":"67","gender":"f","percent":"0.029401826423904"},{"year":"2016","name":"CHANTAL","count":"67","gender":"f","percent":"0.029401826423904"},{"year":"2016","name":"ELIZABETH","count":"67","gender":"f","percent":"0.029401826423904"},{"year":"2016","name":"LAILA","count":"67","gender":"f","percent":"0.029401826423904"},{"year":"2016","name":"INAS","count":"67","gender":"f","percent":"0.029401826423904"},{"year":"2016","name":"ALYSIA","count":"66","gender":"f","percent":"0.028962993193697"},{"year":"2016","name":"MARA","count":"66","gender":"f","percent":"0.028962993193697"},{"year":"2016","name":"KLEA","count":"66","gender":"f","percent":"0.028962993193697"},{"year":"2016","name":"VIKTORIA","count":"65","gender":"f","percent":"0.028524159963489"},{"year":"2016","name":"JANA","count":"65","gender":"f","percent":"0.028524159963489"},{"year":"2016","name":"SOFIA ELENA","count":"64","gender":"f","percent":"0.028085326733282"},{"year":"2016","name":"NICOLETTA","count":"64","gender":"f","percent":"0.028085326733282"},{"year":"2016","name":"DEA","count":"64","gender":"f","percent":"0.028085326733282"},{"year":"2016","name":"CHIARA MARIA","count":"64","gender":"f","percent":"0.028085326733282"},{"year":"2016","name":"MAIRA","count":"64","gender":"f","percent":"0.028085326733282"},{"year":"2016","name":"MARIA GIULIA","count":"64","gender":"f","percent":"0.028085326733282"},{"year":"2016","name":"MALIKA","count":"64","gender":"f","percent":"0.028085326733282"},{"year":"2016","name":"DEBORA","count":"63","gender":"f","percent":"0.027646493503074"},{"year":"2016","name":"MARIA PIA","count":"63","gender":"f","percent":"0.027646493503074"},{"year":"2016","name":"MARIA ROSARIA","count":"63","gender":"f","percent":"0.027646493503074"},{"year":"2016","name":"LEANDRA","count":"63","gender":"f","percent":"0.027646493503074"},{"year":"2016","name":"GIULIANA","count":"63","gender":"f","percent":"0.027646493503074"},{"year":"2016","name":"SAMANTHA","count":"62","gender":"f","percent":"0.027207660272867"},{"year":"2016","name":"ASTRID","count":"62","gender":"f","percent":"0.027207660272867"},{"year":"2016","name":"DAISY","count":"62","gender":"f","percent":"0.027207660272867"},{"year":"2016","name":"MARIARITA","count":"62","gender":"f","percent":"0.027207660272867"},{"year":"2016","name":"GIORDANA","count":"62","gender":"f","percent":"0.027207660272867"},{"year":"2016","name":"YARA","count":"61","gender":"f","percent":"0.026768827042659"},{"year":"2016","name":"ANNARITA","count":"61","gender":"f","percent":"0.026768827042659"},{"year":"2016","name":"CRISTEL","count":"61","gender":"f","percent":"0.026768827042659"},{"year":"2016","name":"RANIA","count":"60","gender":"f","percent":"0.026329993812451"},{"year":"2016","name":"OTTAVIA","count":"59","gender":"f","percent":"0.025891160582244"},{"year":"2016","name":"MAYRA","count":"59","gender":"f","percent":"0.025891160582244"},{"year":"2016","name":"GIORGIA MARIA","count":"59","gender":"f","percent":"0.025891160582244"},{"year":"2016","name":"SALMA","count":"58","gender":"f","percent":"0.025452327352036"},{"year":"2016","name":"ELENA SOFIA","count":"58","gender":"f","percent":"0.025452327352036"},{"year":"2016","name":"BASMA","count":"57","gender":"f","percent":"0.025013494121829"},{"year":"2016","name":"LORENZA","count":"57","gender":"f","percent":"0.025013494121829"},{"year":"2016","name":"ANTONIETTA","count":"56","gender":"f","percent":"0.024574660891621"},{"year":"2016","name":"DESIREE'","count":"56","gender":"f","percent":"0.024574660891621"},{"year":"2016","name":"FIAMMA","count":"56","gender":"f","percent":"0.024574660891621"}]