[
 {
  "stud_code": "1803891",
  "stud_name": "Elettra",
  "stud_surname": "Vizzini",
  "stud_email": "1803891_ev@small.it"
 },
 {
  "stud_code": "1838026",
  "stud_name": "Kevin",
  "stud_surname": "Di Cocco",
  "stud_email": "1838026_kd@small.it"
 },
 {
  "stud_code": "1573913",
  "stud_name": "Ciro",
  "stud_surname": "Calzolai",
  "stud_email": "1573913_cc@small.it"
 },
 {
  "stud_code": "1748932",
  "stud_name": "Saverio",
  "stud_surname": "Loum",
  "stud_email": "1748932_sl@small.it"
 },
 {
  "stud_code": "1264048",
  "stud_name": "Alfonso",
  "stud_surname": "Maier",
  "stud_email": "1264048_am@small.it"
 },
 {
  "stud_code": "1932247",
  "stud_name": "Maria Rosaria",
  "stud_surname": "Grieco",
  "stud_email": "1932247_mg@small.it"
 },
 {
  "stud_code": "1882282",
  "stud_name": "Monica",
  "stud_surname": "Iacometti",
  "stud_email": "1882282_mi@small.it"
 },
 {
  "stud_code": "1675598",
  "stud_name": "Ester",
  "stud_surname": "Fiala'",
  "stud_email": "1675598_ef@small.it"
 },
 {
  "stud_code": "1393089",
  "stud_name": "Cloe",
  "stud_surname": "Buccheri",
  "stud_email": "1393089_cb@small.it"
 },
 {
  "stud_code": "1659373",
  "stud_name": "Miriam",
  "stud_surname": "Beudo'",
  "stud_email": "1659373_mb@small.it"
 },
 {
  "stud_code": "1324812",
  "stud_name": "Mariarosaria",
  "stud_surname": "Abucar Osman",
  "stud_email": "1324812_ma@small.it"
 },
 {
  "stud_code": "1358320",
  "stud_name": "Calogero",
  "stud_surname": "Nelli",
  "stud_email": "1358320_cn@small.it"
 },
 {
  "stud_code": "1388405",
  "stud_name": "Damian",
  "stud_surname": "Macari",
  "stud_email": "1388405_dm@small.it"
 },
 {
  "stud_code": "1835631",
  "stud_name": "Giulia Maria",
  "stud_surname": "Buldrini",
  "stud_email": "1835631_gb@small.it"
 },
 {
  "stud_code": "1960544",
  "stud_name": "Massimo",
  "stud_surname": "Bovio",
  "stud_email": "1960544_mb@small.it"
 },
 {
  "stud_code": "1720010",
  "stud_name": "Anthony",
  "stud_surname": "Fusini",
  "stud_email": "1720010_af@small.it"
 },
 {
  "stud_code": "1317123",
  "stud_name": "Ilyass",
  "stud_surname": "Evangelisti",
  "stud_email": "1317123_ie@small.it"
 },
 {
  "stud_code": "1410627",
  "stud_name": "Delia",
  "stud_surname": "Guarino",
  "stud_email": "1410627_dg@small.it"
 },
 {
  "stud_code": "1940518",
  "stud_name": "Nizar",
  "stud_surname": "Mitrushi",
  "stud_email": "1940518_nm@small.it"
 },
 {
  "stud_code": "1273288",
  "stud_name": "Maximilian",
  "stud_surname": "Piatti",
  "stud_email": "1273288_mp@small.it"
 }
]